Id;OverallQual;GrLivArea;GarageArea;TotalBsmtSF;FullBath;YearBuilt;YearRemodAdd;Utilities_AllPub;Utilities_NoSeWa;LandSlope_Gtl;LandSlope_Mod;LandSlope_Sev;Street_Grvl;Street_Pave;SalePrice
1;7;1710;548;856;2;2003;2003;1.0;0.0;1.0;0.0;0.0;0.0;1.0;208500
2;6;1262;460;1262;2;1976;1976;1.0;0.0;1.0;0.0;0.0;0.0;1.0;181500
3;7;1786;608;920;2;2001;2002;1.0;0.0;1.0;0.0;0.0;0.0;1.0;223500
4;7;1717;642;756;1;1915;1970;1.0;0.0;1.0;0.0;0.0;0.0;1.0;140000
5;8;2198;836;1145;2;2000;2000;1.0;0.0;1.0;0.0;0.0;0.0;1.0;250000
6;5;1362;480;796;1;1993;1995;1.0;0.0;1.0;0.0;0.0;0.0;1.0;143000
7;8;1694;636;1686;2;2004;2005;1.0;0.0;1.0;0.0;0.0;0.0;1.0;307000
8;7;2090;484;1107;2;1973;1973;1.0;0.0;1.0;0.0;0.0;0.0;1.0;200000
9;7;1774;468;952;2;1931;1950;1.0;0.0;1.0;0.0;0.0;0.0;1.0;129900
10;5;1077;205;991;1;1939;1950;1.0;0.0;1.0;0.0;0.0;0.0;1.0;118000
11;5;1040;384;1040;1;1965;1965;1.0;0.0;1.0;0.0;0.0;0.0;1.0;129500
12;9;2324;736;1175;3;2005;2006;1.0;0.0;1.0;0.0;0.0;0.0;1.0;345000
13;5;912;352;912;1;1962;1962;1.0;0.0;1.0;0.0;0.0;0.0;1.0;144000
14;7;1494;840;1494;2;2006;2007;1.0;0.0;1.0;0.0;0.0;0.0;1.0;279500
15;6;1253;352;1253;1;1960;1960;1.0;0.0;1.0;0.0;0.0;0.0;1.0;157000
16;7;854;576;832;1;1929;2001;1.0;0.0;1.0;0.0;0.0;0.0;1.0;132000
17;6;1004;480;1004;1;1970;1970;1.0;0.0;1.0;0.0;0.0;0.0;1.0;149000
18;4;1296;516;0;2;1967;1967;1.0;0.0;1.0;0.0;0.0;0.0;1.0;90000
19;5;1114;576;1114;1;2004;2004;1.0;0.0;1.0;0.0;0.0;0.0;1.0;159000
20;5;1339;294;1029;1;1958;1965;1.0;0.0;1.0;0.0;0.0;0.0;1.0;139000
21;8;2376;853;1158;3;2005;2006;1.0;0.0;1.0;0.0;0.0;0.0;1.0;325300
22;7;1108;280;637;1;1930;1950;1.0;0.0;1.0;0.0;0.0;0.0;1.0;139400
23;8;1795;534;1777;2;2002;2002;1.0;0.0;1.0;0.0;0.0;0.0;1.0;230000
24;5;1060;572;1040;1;1976;1976;1.0;0.0;1.0;0.0;0.0;0.0;1.0;129900
25;5;1060;270;1060;1;1968;2001;1.0;0.0;1.0;0.0;0.0;0.0;1.0;154000
26;8;1600;890;1566;2;2007;2007;1.0;0.0;1.0;0.0;0.0;0.0;1.0;256300
27;5;900;576;900;1;1951;2000;1.0;0.0;1.0;0.0;0.0;0.0;1.0;134800
28;8;1704;772;1704;2;2007;2008;1.0;0.0;1.0;0.0;0.0;0.0;1.0;306000
29;5;1600;319;1484;1;1957;1997;1.0;0.0;1.0;0.0;0.0;0.0;1.0;207500
30;4;520;240;520;1;1927;1950;1.0;0.0;1.0;0.0;0.0;0.0;1.0;68500
31;4;1317;250;649;1;1920;1950;1.0;0.0;1.0;0.0;0.0;0.0;1.0;40000
32;5;1228;271;1228;1;1966;2006;1.0;0.0;1.0;0.0;0.0;0.0;1.0;149350
33;8;1234;484;1234;2;2007;2007;1.0;0.0;1.0;0.0;0.0;0.0;1.0;179900
34;5;1700;447;1398;1;1959;1959;1.0;0.0;1.0;0.0;0.0;0.0;1.0;165500
35;9;1561;556;1561;2;2005;2005;1.0;0.0;1.0;0.0;0.0;0.0;1.0;277500
36;8;2452;691;1117;3;2004;2005;1.0;0.0;1.0;0.0;0.0;0.0;1.0;309000
37;5;1097;672;1097;1;1994;1995;1.0;0.0;1.0;0.0;0.0;0.0;1.0;145000
38;5;1297;498;1297;1;1954;1990;1.0;0.0;1.0;0.0;0.0;0.0;1.0;153000
39;5;1057;246;1057;1;1953;2007;1.0;0.0;1.0;0.0;0.0;0.0;1.0;109000
40;4;1152;0;0;2;1955;1955;1.0;0.0;1.0;0.0;0.0;0.0;1.0;82000
41;6;1324;440;1088;2;1965;1965;1.0;0.0;1.0;0.0;0.0;0.0;1.0;160000
42;5;1328;308;1350;1;1959;1959;1.0;0.0;1.0;0.0;0.0;0.0;1.0;170000
43;5;884;504;840;1;1983;1983;1.0;0.0;1.0;0.0;0.0;0.0;1.0;144000
44;5;938;308;938;1;1975;1980;1.0;0.0;1.0;0.0;0.0;0.0;1.0;130250
45;5;1150;300;1150;1;1959;1959;1.0;0.0;1.0;0.0;0.0;0.0;1.0;141000
46;9;1752;576;1752;2;2005;2005;1.0;0.0;1.0;0.0;0.0;0.0;1.0;319900
47;7;2149;670;1434;1;2003;2003;1.0;0.0;1.0;0.0;0.0;0.0;1.0;239686
48;8;1656;826;1656;2;2006;2006;1.0;0.0;1.0;0.0;0.0;0.0;1.0;249700
49;4;1452;0;736;2;1920;2008;1.0;0.0;1.0;0.0;0.0;0.0;1.0;113000
50;5;955;386;955;1;1966;1966;1.0;0.0;1.0;0.0;0.0;0.0;1.0;127000
51;6;1470;388;794;2;1997;1997;1.0;0.0;1.0;0.0;0.0;0.0;1.0;177000
52;6;1176;528;816;1;1934;1950;1.0;0.0;1.0;0.0;0.0;0.0;1.0;114500
53;5;816;516;816;1;1963;1963;1.0;0.0;0.0;1.0;0.0;1.0;0.0;110000
54;9;1842;894;1842;0;1981;1987;1.0;0.0;1.0;0.0;0.0;0.0;1.0;385000
55;5;1360;572;384;1;1955;1955;1.0;0.0;0.0;1.0;0.0;0.0;1.0;130000
56;6;1425;576;1425;2;1964;1964;1.0;0.0;1.0;0.0;0.0;0.0;1.0;180500
57;8;1739;480;970;2;1999;2000;1.0;0.0;1.0;0.0;0.0;0.0;1.0;172500
58;7;1720;565;860;2;2004;2004;1.0;0.0;1.0;0.0;0.0;0.0;1.0;196500
59;10;2945;641;1410;3;2006;2006;1.0;0.0;1.0;0.0;0.0;0.0;1.0;438780
60;5;780;352;780;1;1972;1972;1.0;0.0;1.0;0.0;0.0;0.0;1.0;124900
61;6;1158;576;1158;1;2004;2004;1.0;0.0;1.0;0.0;0.0;0.0;1.0;158000
62;5;1111;288;530;1;1920;1996;1.0;0.0;1.0;0.0;0.0;0.0;1.0;101000
63;8;1370;484;1370;2;2006;2006;1.0;0.0;1.0;0.0;0.0;0.0;1.0;202500
64;7;1710;480;576;2;1921;1950;1.0;0.0;1.0;0.0;0.0;0.0;1.0;140000
65;7;2034;645;1057;2;1997;1998;1.0;0.0;1.0;0.0;0.0;0.0;1.0;219500
66;8;2473;852;1143;2;2004;2005;1.0;0.0;1.0;0.0;0.0;0.0;1.0;317000
67;7;2207;576;1947;2;1970;1989;1.0;0.0;1.0;0.0;0.0;0.0;1.0;180000
68;7;1479;558;1453;2;2003;2003;1.0;0.0;1.0;0.0;0.0;0.0;1.0;226000
69;4;747;220;747;1;1945;1950;1.0;0.0;1.0;0.0;0.0;0.0;1.0;80000
70;7;2287;667;1304;2;1953;1953;1.0;0.0;1.0;0.0;0.0;0.0;1.0;225000
71;7;2223;516;2223;2;1973;1973;1.0;0.0;1.0;0.0;0.0;0.0;1.0;244000
72;4;845;360;845;1;1982;2006;1.0;0.0;1.0;0.0;0.0;0.0;1.0;129500
73;7;1718;427;832;2;1998;1998;1.0;0.0;1.0;0.0;0.0;0.0;1.0;185000
74;5;1086;490;1086;1;1954;2003;1.0;0.0;1.0;0.0;0.0;0.0;1.0;144900
75;3;1605;379;840;2;1915;1950;1.0;0.0;1.0;0.0;0.0;0.0;1.0;107400
76;4;988;297;462;1;1973;1973;1.0;0.0;1.0;0.0;0.0;0.0;1.0;91000
77;4;952;283;952;1;1956;1956;1.0;0.0;1.0;0.0;0.0;0.0;1.0;135750
78;5;1285;240;672;1;1948;2001;1.0;0.0;1.0;0.0;0.0;0.0;1.0;127000
79;4;1768;0;1768;2;1968;1968;1.0;0.0;1.0;0.0;0.0;0.0;1.0;136500
80;5;1230;440;440;1;1910;1981;1.0;0.0;1.0;0.0;0.0;0.0;1.0;110000
81;6;2142;509;896;2;1968;1968;1.0;0.0;1.0;0.0;0.0;0.0;1.0;193500
82;6;1337;405;1237;2;1998;1998;1.0;0.0;1.0;0.0;0.0;0.0;1.0;153500
83;8;1563;758;1563;2;2007;2007;1.0;0.0;1.0;0.0;0.0;0.0;1.0;245000
84;5;1065;461;1065;1;1960;1960;1.0;0.0;1.0;0.0;0.0;0.0;1.0;126500
85;7;1474;400;384;2;1995;1996;1.0;0.0;1.0;0.0;0.0;0.0;1.0;168500
86;8;2417;462;1288;2;1991;1992;1.0;0.0;1.0;0.0;0.0;0.0;1.0;260000
87;6;1560;400;684;2;2005;2005;1.0;0.0;1.0;0.0;0.0;0.0;1.0;174000
88;6;1224;528;612;2;2009;2009;1.0;0.0;1.0;0.0;0.0;0.0;1.0;164500
89;3;1526;0;1013;1;1915;1982;1.0;0.0;1.0;0.0;0.0;0.0;1.0;85000
90;4;990;0;990;1;1994;1995;1.0;0.0;1.0;0.0;0.0;0.0;1.0;123600
91;4;1040;420;0;1;1950;1950;1.0;0.0;1.0;0.0;0.0;0.0;1.0;109900
92;5;1235;480;1235;1;1961;1961;1.0;0.0;1.0;0.0;0.0;0.0;1.0;98600
93;5;964;432;876;1;1921;2006;1.0;0.0;1.0;0.0;0.0;0.0;1.0;163500
94;6;2291;506;1214;2;1910;1998;1.0;0.0;1.0;0.0;0.0;0.0;1.0;133900
95;6;1786;684;824;2;1997;1997;1.0;0.0;1.0;0.0;0.0;0.0;1.0;204750
96;6;1470;420;680;2;1993;1993;1.0;0.0;1.0;0.0;0.0;0.0;1.0;185000
97;7;1588;472;1588;2;1999;1999;1.0;0.0;1.0;0.0;0.0;0.0;1.0;214000
98;4;960;432;960;1;1965;1965;1.0;0.0;1.0;0.0;0.0;0.0;1.0;94750
99;5;835;366;458;1;1920;1950;1.0;0.0;1.0;0.0;0.0;0.0;1.0;83000
100;4;1225;0;950;1;1959;1959;1.0;0.0;1.0;0.0;0.0;0.0;1.0;128950
101;6;1610;480;1610;2;1977;2001;1.0;0.0;1.0;0.0;0.0;0.0;1.0;205000
102;6;1732;476;741;2;1985;1985;1.0;0.0;1.0;0.0;0.0;0.0;1.0;178000
103;5;1535;410;0;2;1979;1979;1.0;0.0;1.0;0.0;0.0;0.0;1.0;118964
104;7;1226;740;1226;2;2009;2009;1.0;0.0;1.0;0.0;0.0;0.0;1.0;198900
105;7;1818;240;1040;1;1931;1950;1.0;0.0;1.0;0.0;0.0;0.0;1.0;169500
106;8;1992;648;1053;2;2003;2004;1.0;0.0;1.0;0.0;0.0;0.0;1.0;250000
107;4;1047;273;641;1;1885;1995;1.0;0.0;1.0;0.0;0.0;0.0;1.0;100000
108;5;789;250;789;1;1948;1950;1.0;0.0;1.0;0.0;0.0;0.0;1.0;115000
109;5;1517;0;793;2;1919;2005;1.0;0.0;1.0;0.0;0.0;0.0;1.0;115000
110;6;1844;546;1844;2;1977;1977;1.0;0.0;1.0;0.0;0.0;0.0;1.0;190000
111;6;1855;325;994;2;1954;1972;1.0;0.0;1.0;0.0;0.0;0.0;1.0;136900
112;7;1430;400;384;2;2000;2000;1.0;0.0;1.0;0.0;0.0;0.0;1.0;180000
113;7;2696;792;1264;2;2007;2007;1.0;0.0;1.0;0.0;0.0;0.0;1.0;383970
114;6;2259;450;1809;2;1953;1953;1.0;0.0;1.0;0.0;0.0;0.0;1.0;217000
115;6;2320;180;1028;2;1945;2002;1.0;0.0;0.0;1.0;0.0;0.0;1.0;259500
116;6;1458;440;729;2;1999;1999;1.0;0.0;1.0;0.0;0.0;0.0;1.0;176000
117;5;1092;288;1092;1;1962;1962;1.0;0.0;1.0;0.0;0.0;0.0;1.0;139000
118;5;1125;430;1125;1;2006;2007;1.0;0.0;1.0;0.0;0.0;0.0;1.0;155000
119;7;3222;594;1673;3;1990;1990;1.0;0.0;1.0;0.0;0.0;0.0;1.0;320000
120;6;1456;390;728;2;2005;2006;1.0;0.0;1.0;0.0;0.0;0.0;1.0;163990
121;6;988;540;938;1;1969;1969;1.0;0.0;0.0;0.0;1.0;0.0;1.0;180000
122;4;1123;264;732;1;1939;1950;1.0;0.0;1.0;0.0;0.0;0.0;1.0;100000
123;6;1080;288;1080;1;1958;1958;1.0;0.0;1.0;0.0;0.0;0.0;1.0;136000
124;6;1199;530;1199;2;1993;1993;1.0;0.0;1.0;0.0;0.0;0.0;1.0;153900
125;6;1586;435;1362;2;1979;1998;1.0;0.0;1.0;0.0;0.0;0.0;1.0;181000
126;6;754;0;520;1;1935;1982;1.0;0.0;1.0;0.0;0.0;0.0;1.0;84500
127;6;958;440;1078;2;1976;1976;1.0;0.0;1.0;0.0;0.0;0.0;1.0;128000
128;5;840;0;672;1;1930;1950;1.0;0.0;1.0;0.0;0.0;0.0;1.0;87000
129;6;1348;453;660;1;1966;1966;1.0;0.0;1.0;0.0;0.0;0.0;1.0;155000
130;5;1053;750;1008;1;1958;1991;1.0;0.0;1.0;0.0;0.0;0.0;1.0;150000
131;7;2157;487;924;2;1966;1966;1.0;0.0;1.0;0.0;0.0;0.0;1.0;226000
132;6;2054;390;992;2;2000;2000;1.0;0.0;1.0;0.0;0.0;0.0;1.0;244000
133;5;1327;624;1063;1;1959;2002;1.0;0.0;1.0;0.0;0.0;0.0;1.0;150750
134;8;1296;471;1267;2;2001;2002;1.0;0.0;1.0;0.0;0.0;0.0;1.0;220000
135;5;1721;440;1461;2;1968;1993;1.0;0.0;1.0;0.0;0.0;0.0;1.0;180000
136;7;1682;530;1304;2;1970;1970;1.0;0.0;1.0;0.0;0.0;0.0;1.0;174000
137;5;1214;318;1214;2;1967;1967;1.0;0.0;1.0;0.0;0.0;0.0;1.0;143000
138;7;1959;766;1907;3;1988;1989;1.0;0.0;1.0;0.0;0.0;0.0;1.0;171000
139;8;1852;660;1004;2;1999;2000;1.0;0.0;1.0;0.0;0.0;0.0;1.0;230000
140;6;1764;470;928;2;1997;1997;1.0;0.0;1.0;0.0;0.0;0.0;1.0;231500
141;4;864;0;864;1;1971;1971;1.0;0.0;1.0;0.0;0.0;0.0;1.0;115000
142;7;1734;660;1734;2;2005;2005;1.0;0.0;1.0;0.0;0.0;0.0;1.0;260000
143;5;1385;720;910;2;1952;1952;1.0;0.0;1.0;0.0;0.0;0.0;1.0;166000
144;7;1501;577;1490;2;1999;1999;1.0;0.0;1.0;0.0;0.0;0.0;1.0;204000
145;5;1728;504;1728;2;1963;1963;1.0;0.0;1.0;0.0;0.0;0.0;1.0;125000
146;6;1709;380;970;2;2004;2006;1.0;0.0;1.0;0.0;0.0;0.0;1.0;130000
147;5;875;180;715;1;1931;1993;1.0;0.0;1.0;0.0;0.0;0.0;1.0;105000
148;7;2035;434;884;2;2001;2001;1.0;0.0;1.0;0.0;0.0;0.0;1.0;222500
149;7;1080;0;1080;1;2004;2005;1.0;0.0;1.0;0.0;0.0;0.0;1.0;141000
150;5;1344;240;896;1;1936;1950;1.0;0.0;1.0;0.0;0.0;0.0;1.0;115000
151;5;969;440;969;1;1975;1975;1.0;0.0;1.0;0.0;0.0;0.0;1.0;122000
152;8;1710;866;1710;2;2007;2008;1.0;0.0;1.0;0.0;0.0;0.0;1.0;372402
153;6;1993;495;825;2;1971;1971;1.0;0.0;1.0;0.0;0.0;0.0;1.0;190000
154;6;1252;564;1602;1;1960;1975;1.0;0.0;1.0;0.0;0.0;0.0;1.0;235000
155;6;1200;312;1200;1;1923;1950;1.0;0.0;1.0;0.0;0.0;0.0;1.0;125000
156;6;1096;0;572;1;1924;1950;1.0;0.0;1.0;0.0;0.0;0.0;1.0;79000
157;5;1040;625;0;1;1950;1950;1.0;0.0;1.0;0.0;0.0;0.0;1.0;109500
158;8;1968;680;774;2;2009;2010;1.0;0.0;1.0;0.0;0.0;0.0;1.0;269500
159;7;1947;678;991;2;2004;2005;1.0;0.0;1.0;0.0;0.0;0.0;1.0;254900
160;7;2462;576;1392;2;2005;2006;1.0;0.0;1.0;0.0;0.0;0.0;1.0;320000
161;6;1232;516;1232;2;1984;1984;1.0;0.0;1.0;0.0;0.0;0.0;1.0;162500
162;9;2668;726;1572;2;2003;2004;1.0;0.0;1.0;0.0;0.0;0.0;1.0;412500
163;7;1541;532;1541;2;2005;2005;1.0;0.0;1.0;0.0;0.0;0.0;1.0;220000
164;4;882;0;882;1;1956;1956;1.0;0.0;1.0;0.0;0.0;0.0;1.0;103200
165;6;1616;216;1149;2;1926;2004;1.0;0.0;1.0;0.0;0.0;0.0;1.0;152000
166;5;1355;0;644;2;1940;1999;1.0;0.0;1.0;0.0;0.0;0.0;1.0;127500
167;5;1867;303;1617;1;1955;1993;1.0;0.0;1.0;0.0;0.0;0.0;1.0;190000
168;8;2161;789;1582;1;2007;2007;1.0;0.0;1.0;0.0;0.0;0.0;1.0;325624
169;7;1720;440;840;2;2004;2004;1.0;0.0;1.0;0.0;0.0;0.0;1.0;183500
170;8;1707;511;1686;2;1981;1981;1.0;0.0;1.0;0.0;0.0;0.0;1.0;228000
171;5;1382;660;720;1;1941;1950;1.0;0.0;1.0;0.0;0.0;0.0;1.0;128500
172;6;1656;528;1080;1;1960;1960;1.0;0.0;1.0;0.0;0.0;0.0;1.0;215000
173;7;1767;504;1064;2;1987;1987;1.0;0.0;1.0;0.0;0.0;0.0;1.0;239000
174;6;1362;504;1362;1;1961;1961;1.0;0.0;1.0;0.0;0.0;0.0;1.0;163000
175;6;1651;616;1606;2;1986;1986;1.0;0.0;1.0;0.0;0.0;0.0;1.0;184000
176;6;2158;576;1202;2;1950;2001;1.0;0.0;1.0;0.0;0.0;0.0;1.0;243000
177;6;2060;521;1151;2;1988;1989;1.0;0.0;1.0;0.0;0.0;0.0;1.0;211000
178;5;1920;451;1052;2;1958;1958;1.0;0.0;1.0;0.0;0.0;0.0;1.0;172500
179;9;2234;1166;2216;2;2008;2009;1.0;0.0;1.0;0.0;0.0;0.0;1.0;501837
180;5;968;480;968;1;1923;2006;1.0;0.0;1.0;0.0;0.0;0.0;1.0;100000
181;6;1525;440;756;2;2000;2000;1.0;0.0;1.0;0.0;0.0;0.0;1.0;177000
182;7;1802;216;793;1;1920;1950;1.0;0.0;1.0;0.0;0.0;0.0;1.0;200100
183;5;1340;252;0;1;1957;2006;1.0;0.0;1.0;0.0;0.0;0.0;1.0;120000
184;7;2082;484;1362;2;2003;2003;1.0;0.0;1.0;0.0;0.0;0.0;1.0;200000
185;5;1252;576;504;1;1908;1991;1.0;0.0;1.0;0.0;0.0;0.0;1.0;127000
186;10;3608;840;1107;2;1892;1993;1.0;0.0;1.0;0.0;0.0;0.0;1.0;475000
187;7;1217;497;1188;2;1990;1991;1.0;0.0;1.0;0.0;0.0;0.0;1.0;173000
188;5;1656;180;660;2;1916;1987;1.0;0.0;1.0;0.0;0.0;0.0;1.0;135000
189;5;1224;528;1086;0;1979;1979;1.0;0.0;1.0;0.0;0.0;0.0;1.0;153337
190;8;1593;682;1593;1;2001;2002;1.0;0.0;1.0;0.0;0.0;0.0;1.0;286000
191;8;2727;440;853;2;1932;1994;1.0;0.0;0.0;1.0;0.0;0.0;1.0;315000
192;7;1479;484;725;1;1972;2004;1.0;0.0;1.0;0.0;0.0;0.0;1.0;184000
193;7;1431;666;1431;2;1999;1999;1.0;0.0;1.0;0.0;0.0;0.0;1.0;192000
194;7;1709;380;970;2;2004;2004;1.0;0.0;1.0;0.0;0.0;0.0;1.0;130000
195;5;864;352;864;1;1972;1972;1.0;0.0;1.0;0.0;0.0;0.0;1.0;127000
196;6;1456;440;855;2;1976;1976;1.0;0.0;1.0;0.0;0.0;0.0;1.0;148500
197;7;1726;786;1726;2;2007;2007;1.0;0.0;1.0;0.0;0.0;0.0;1.0;311872
198;8;3112;795;1360;2;1918;1990;1.0;0.0;1.0;0.0;0.0;0.0;1.0;235000
199;6;2229;0;755;1;1912;1950;1.0;0.0;1.0;0.0;0.0;0.0;1.0;104000
200;8;1713;856;1713;2;2004;2005;1.0;0.0;1.0;0.0;0.0;0.0;1.0;274900
201;4;1121;440;1121;2;2003;2004;1.0;0.0;1.0;0.0;0.0;0.0;1.0;140000
202;6;1279;473;1196;2;1977;1977;1.0;0.0;1.0;0.0;0.0;0.0;1.0;171500
203;6;1310;398;617;2;1924;1950;1.0;0.0;1.0;0.0;0.0;0.0;1.0;112000
204;6;848;420;848;1;2004;2004;1.0;0.0;1.0;0.0;0.0;0.0;1.0;149000
205;5;1284;240;720;1;1947;1950;1.0;0.0;1.0;0.0;0.0;0.0;1.0;110000
206;7;1442;500;1424;2;1990;1990;1.0;0.0;1.0;0.0;0.0;0.0;1.0;180500
207;5;1696;349;1140;1;1962;1962;1.0;0.0;1.0;0.0;0.0;0.0;1.0;143900
208;4;1100;312;1100;1;1960;1960;1.0;0.0;1.0;0.0;0.0;0.0;1.0;141000
209;7;2062;454;1157;2;1988;1989;1.0;0.0;0.0;1.0;0.0;0.0;1.0;277000
210;6;1092;504;1092;1;1964;1964;1.0;0.0;1.0;0.0;0.0;0.0;1.0;145000
211;5;864;0;864;1;1925;1950;1.0;0.0;1.0;0.0;0.0;0.0;1.0;98000
212;6;1212;460;1212;2;2009;2009;1.0;0.0;1.0;0.0;0.0;0.0;1.0;186000
213;7;1852;644;900;2;2009;2009;1.0;0.0;1.0;0.0;0.0;0.0;1.0;252678
214;5;990;576;990;1;1995;1995;1.0;0.0;1.0;0.0;0.0;0.0;1.0;156000
215;6;1392;299;689;1;1977;1977;1.0;0.0;1.0;0.0;0.0;0.0;1.0;161750
216;5;1236;447;1070;1;1957;1996;1.0;0.0;1.0;0.0;0.0;0.0;1.0;134450
217;7;1436;484;1436;2;2004;2004;1.0;0.0;1.0;0.0;0.0;0.0;1.0;210000
218;4;1328;210;686;1;1925;1950;1.0;0.0;1.0;0.0;0.0;0.0;1.0;107000
219;7;1954;431;798;1;1939;2006;1.0;0.0;1.0;0.0;0.0;0.0;1.0;311500
220;7;1248;438;1248;2;2005;2006;1.0;0.0;1.0;0.0;0.0;0.0;1.0;167240
221;7;1498;675;1498;2;2006;2006;1.0;0.0;1.0;0.0;0.0;0.0;1.0;204900
222;6;2267;390;1010;2;2002;2002;1.0;0.0;1.0;0.0;0.0;0.0;1.0;200000
223;6;1552;434;713;2;1975;1975;1.0;0.0;1.0;0.0;0.0;0.0;1.0;179900
224;4;864;576;864;1;1971;1971;1.0;0.0;1.0;0.0;0.0;0.0;1.0;97000
225;10;2392;968;2392;2;2003;2003;1.0;0.0;1.0;0.0;0.0;0.0;1.0;386250
226;5;1302;280;630;2;1971;1971;1.0;0.0;1.0;0.0;0.0;0.0;1.0;112000
227;7;2520;721;1203;2;1995;1995;1.0;0.0;1.0;0.0;0.0;0.0;1.0;290000
228;6;987;280;483;1;1970;1970;1.0;0.0;1.0;0.0;0.0;0.0;1.0;106000
229;5;912;336;912;1;1967;1967;1.0;0.0;1.0;0.0;0.0;0.0;1.0;125000
230;7;1555;430;1373;2;2005;2006;1.0;0.0;1.0;0.0;0.0;0.0;1.0;192500
231;6;1194;312;1194;1;1959;1959;1.0;0.0;1.0;0.0;0.0;0.0;1.0;148000
232;8;2794;810;1462;2;1995;1996;1.0;0.0;1.0;0.0;0.0;0.0;1.0;403000
233;6;987;288;483;1;1972;1972;1.0;0.0;1.0;0.0;0.0;0.0;1.0;94500
234;5;894;308;894;1;1976;1976;1.0;0.0;1.0;0.0;0.0;0.0;1.0;128200
235;6;1960;440;860;2;2002;2002;1.0;0.0;1.0;0.0;0.0;0.0;1.0;216500
236;6;987;264;483;1;1971;1971;1.0;0.0;1.0;0.0;0.0;0.0;1.0;89500
237;7;1414;494;1414;2;2004;2004;1.0;0.0;1.0;0.0;0.0;0.0;1.0;185500
238;7;1744;457;996;2;1993;2003;1.0;0.0;1.0;0.0;0.0;0.0;1.0;194500
239;8;1694;818;1694;2;2007;2007;1.0;0.0;1.0;0.0;0.0;0.0;1.0;318000
240;6;1487;220;735;1;1945;1950;1.0;0.0;1.0;0.0;0.0;0.0;1.0;113000
241;8;1566;750;1566;2;2008;2008;1.0;0.0;1.0;0.0;0.0;0.0;1.0;262500
242;5;866;0;686;1;1945;1997;1.0;0.0;1.0;0.0;0.0;0.0;1.0;110500
243;5;1440;352;540;1;1900;1950;1.0;0.0;1.0;0.0;0.0;0.0;1.0;79000
244;6;1217;288;626;1;1980;1980;1.0;0.0;1.0;0.0;0.0;0.0;1.0;120000
245;7;2110;463;948;2;1994;2002;1.0;0.0;1.0;0.0;0.0;0.0;1.0;205000
246;7;1872;604;1845;2;1988;1988;1.0;0.0;1.0;0.0;0.0;0.0;1.0;241500
247;6;1928;440;1020;2;1910;1950;1.0;0.0;1.0;0.0;0.0;0.0;1.0;137000
248;6;1375;451;1367;1;1954;1954;1.0;0.0;1.0;0.0;0.0;0.0;1.0;140000
249;7;1668;500;840;2;2003;2003;1.0;0.0;1.0;0.0;0.0;0.0;1.0;180000
250;6;2144;389;1444;2;1958;2006;1.0;0.0;0.0;0.0;1.0;0.0;1.0;277000
251;3;1306;0;728;1;1940;1966;1.0;0.0;1.0;0.0;0.0;0.0;1.0;76500
252;8;1625;538;1573;2;2006;2007;1.0;0.0;0.0;1.0;0.0;0.0;1.0;235000
253;6;1640;520;798;2;2004;2004;1.0;0.0;1.0;0.0;0.0;0.0;1.0;173000
254;6;1302;309;1302;2;1964;1991;1.0;0.0;1.0;0.0;0.0;0.0;1.0;158000
255;5;1314;294;1314;1;1957;1957;1.0;0.0;1.0;0.0;0.0;0.0;1.0;145000
256;7;2291;429;975;2;1999;1999;1.0;0.0;1.0;0.0;0.0;0.0;1.0;230000
257;6;1728;673;864;2;2003;2003;1.0;0.0;1.0;0.0;0.0;0.0;1.0;207500
258;7;1604;660;1604;2;2006;2006;1.0;0.0;1.0;0.0;0.0;0.0;1.0;220000
259;7;1792;564;963;2;2001;2001;1.0;0.0;1.0;0.0;0.0;0.0;1.0;231500
260;5;882;308;0;1;1956;1956;1.0;0.0;1.0;0.0;0.0;0.0;1.0;97000
261;6;1382;884;1362;1;1962;1962;1.0;0.0;1.0;0.0;0.0;0.0;1.0;176000
262;8;2574;868;1482;2;2007;2007;1.0;0.0;1.0;0.0;0.0;0.0;1.0;276000
263;6;1212;492;506;1;1977;1995;1.0;0.0;1.0;0.0;0.0;0.0;1.0;151000
264;5;1316;484;926;1;1929;2001;1.0;0.0;1.0;0.0;0.0;0.0;1.0;130000
265;5;764;504;680;1;1925;2004;1.0;0.0;1.0;0.0;0.0;0.0;1.0;73000
266;6;1422;576;1422;2;1981;1981;1.0;0.0;1.0;0.0;0.0;0.0;1.0;175500
267;6;1511;413;802;2;1997;1997;1.0;0.0;1.0;0.0;0.0;0.0;1.0;185000
268;5;2192;240;720;2;1939;1997;1.0;0.0;0.0;1.0;0.0;0.0;1.0;179500
269;5;778;924;740;1;1940;1955;1.0;0.0;1.0;0.0;0.0;0.0;1.0;120500
270;6;1113;504;1143;1;1976;1976;1.0;0.0;1.0;0.0;0.0;0.0;1.0;148000
271;8;1939;1053;1095;2;2006;2006;1.0;0.0;1.0;0.0;0.0;0.0;1.0;266000
272;7;1363;439;1385;1;1954;2005;1.0;0.0;0.0;0.0;1.0;0.0;1.0;241500
273;8;2270;671;1152;2;1999;2007;1.0;0.0;1.0;0.0;0.0;0.0;1.0;290000
274;6;1632;338;1240;2;1958;1988;1.0;0.0;1.0;0.0;0.0;0.0;1.0;139000
275;5;816;264;816;1;1982;1982;1.0;0.0;1.0;0.0;0.0;0.0;1.0;124500
276;7;1548;672;952;2;1925;2007;1.0;0.0;1.0;0.0;0.0;0.0;1.0;205000
277;7;1560;573;1560;2;2003;2003;1.0;0.0;1.0;0.0;0.0;0.0;1.0;201000
278;4;864;400;864;1;1951;1951;1.0;0.0;1.0;0.0;0.0;0.0;1.0;141000
279;9;2121;732;2121;2;2006;2007;1.0;0.0;1.0;0.0;0.0;0.0;1.0;415298
280;7;2022;505;1160;2;1977;1977;1.0;0.0;1.0;0.0;0.0;0.0;1.0;192000
281;7;1982;575;807;2;1989;1989;1.0;0.0;1.0;0.0;0.0;0.0;1.0;228500
282;6;1262;572;1262;2;2006;2006;1.0;0.0;1.0;0.0;0.0;0.0;1.0;185000
283;7;1314;626;1314;2;2007;2008;1.0;0.0;1.0;0.0;0.0;0.0;1.0;207500
284;8;1468;898;1468;2;2008;2009;1.0;0.0;1.0;0.0;0.0;0.0;1.0;244600
285;6;1575;529;1575;2;1992;1992;1.0;0.0;1.0;0.0;0.0;0.0;1.0;179200
286;7;1250;528;625;2;2006;2007;1.0;0.0;1.0;0.0;0.0;0.0;1.0;164700
287;6;1734;440;912;1;1962;1981;1.0;0.0;1.0;0.0;0.0;0.0;1.0;159000
288;4;858;0;858;1;1971;1971;1.0;0.0;1.0;0.0;0.0;0.0;1.0;88000
289;5;900;280;882;1;1967;1967;1.0;0.0;1.0;0.0;0.0;0.0;1.0;122000
290;6;1396;384;698;1;1915;2003;1.0;0.0;1.0;0.0;0.0;0.0;1.0;153575
291;8;1919;685;1079;2;2006;2006;1.0;0.0;1.0;0.0;0.0;0.0;1.0;233230
292;5;1716;0;780;2;1912;2000;1.0;0.0;1.0;0.0;0.0;0.0;1.0;135900
293;5;1716;281;768;1;1949;2008;1.0;0.0;1.0;0.0;0.0;0.0;1.0;131000
294;7;2263;539;795;2;1977;1994;1.0;0.0;1.0;0.0;0.0;0.0;1.0;235000
295;6;1644;418;1416;1;1953;1953;1.0;0.0;1.0;0.0;0.0;0.0;1.0;167000
296;6;1003;588;1003;1;1984;1984;1.0;0.0;1.0;0.0;0.0;0.0;1.0;142500
297;5;1558;282;910;1;1950;1950;1.0;0.0;1.0;0.0;0.0;0.0;1.0;152000
298;7;1950;576;975;2;1997;1998;1.0;0.0;1.0;0.0;0.0;0.0;1.0;239000
299;6;1743;539;702;1;1968;1968;1.0;0.0;1.0;0.0;0.0;0.0;1.0;175000
300;6;1152;300;1092;1;1950;2004;1.0;0.0;1.0;0.0;0.0;0.0;1.0;158500
301;5;1336;375;1165;1;1953;1953;1.0;0.0;1.0;0.0;0.0;0.0;1.0;157000
302;8;2452;683;1028;2;1998;1999;1.0;0.0;1.0;0.0;0.0;0.0;1.0;267000
303;7;1541;843;1541;2;2001;2002;1.0;0.0;1.0;0.0;0.0;0.0;1.0;205000
304;5;894;552;894;1;1972;1972;1.0;0.0;1.0;0.0;0.0;0.0;1.0;149900
305;7;3493;870;1470;3;1880;2002;1.0;0.0;1.0;0.0;0.0;0.0;1.0;295000
306;8;2000;888;2000;2;2004;2005;1.0;0.0;1.0;0.0;0.0;0.0;1.0;305900
307;7;2243;746;700;2;1990;1991;1.0;0.0;1.0;0.0;0.0;0.0;1.0;225000
308;6;1406;0;319;1;1920;1950;1.0;0.0;1.0;0.0;0.0;0.0;1.0;89500
309;4;861;539;861;1;1940;1950;1.0;0.0;1.0;0.0;0.0;0.0;1.0;82500
310;9;1944;708;1896;2;2003;2004;1.0;0.0;1.0;0.0;0.0;0.0;1.0;360000
311;6;1501;420;697;2;1993;1994;1.0;0.0;1.0;0.0;0.0;0.0;1.0;165600
312;6;972;240;972;1;1948;2002;1.0;0.0;1.0;0.0;0.0;0.0;1.0;132000
313;5;1118;410;793;1;1939;1950;1.0;0.0;1.0;0.0;0.0;0.0;1.0;119900
314;7;2036;513;2136;2;1965;1965;1.0;0.0;0.0;0.0;1.0;0.0;1.0;375000
315;7;1641;546;728;1;1925;1990;1.0;0.0;1.0;0.0;0.0;0.0;1.0;178000
316;7;1432;432;716;2;2004;2005;1.0;0.0;1.0;0.0;0.0;0.0;1.0;188500
317;7;2353;484;845;2;1980;1980;1.0;0.0;1.0;0.0;0.0;0.0;1.0;260000
318;8;1959;1025;1088;2;2006;2006;1.0;0.0;1.0;0.0;0.0;0.0;1.0;270000
319;7;2646;656;1347;2;1993;1993;1.0;0.0;0.0;1.0;0.0;0.0;1.0;260000
320;7;1472;588;1372;2;1980;1980;1.0;0.0;1.0;0.0;0.0;0.0;1.0;187500
321;9;2596;840;1249;3;2006;2006;1.0;0.0;1.0;0.0;0.0;0.0;1.0;342643
322;8;2468;872;1136;2;2004;2004;1.0;0.0;1.0;0.0;0.0;0.0;1.0;354000
323;7;2730;576;1502;2;1986;1987;1.0;0.0;1.0;0.0;0.0;0.0;1.0;301000
324;3;1163;220;1162;1;1955;2005;1.0;0.0;1.0;0.0;0.0;0.0;1.0;126175
325;7;2978;564;710;2;1967;2007;1.0;0.0;1.0;0.0;0.0;0.0;1.0;242000
326;5;803;360;720;1;1941;1950;1.0;0.0;1.0;0.0;0.0;0.0;1.0;87000
327;8;1719;473;1719;1;1993;1993;1.0;0.0;1.0;0.0;0.0;0.0;1.0;324000
328;6;1383;292;1383;1;1960;1960;1.0;0.0;1.0;0.0;0.0;0.0;1.0;145250
329;6;2134;441;844;2;1916;1994;1.0;0.0;1.0;0.0;0.0;0.0;1.0;214500
330;5;1192;189;596;1;1920;1950;1.0;0.0;1.0;0.0;0.0;0.0;1.0;78000
331;5;1728;352;1728;2;1964;1964;1.0;0.0;1.0;0.0;0.0;0.0;1.0;119000
332;5;1056;308;1056;1;1958;1992;1.0;0.0;1.0;0.0;0.0;0.0;1.0;139000
333;8;1629;880;3206;2;2003;2004;1.0;0.0;1.0;0.0;0.0;0.0;1.0;284000
334;7;1358;484;1358;2;2004;2004;1.0;0.0;1.0;0.0;0.0;0.0;1.0;207000
335;6;1638;472;943;2;1998;1998;1.0;0.0;1.0;0.0;0.0;0.0;1.0;192000
336;5;1786;529;1499;2;1965;1965;1.0;0.0;0.0;0.0;1.0;1.0;0.0;228950
337;9;1922;676;1922;2;2005;2006;1.0;0.0;1.0;0.0;0.0;0.0;1.0;377426
338;7;1536;532;1536;2;2002;2003;1.0;0.0;1.0;0.0;0.0;0.0;1.0;214000
339;7;1621;440;1208;2;1984;1998;1.0;0.0;1.0;0.0;0.0;0.0;1.0;202500
340;6;1215;297;1215;1;1958;1998;1.0;0.0;1.0;0.0;0.0;0.0;1.0;155000
341;8;1908;431;967;2;2002;2002;1.0;0.0;1.0;0.0;0.0;0.0;1.0;202900
342;4;841;294;721;1;1950;1950;1.0;0.0;1.0;0.0;0.0;0.0;1.0;82000
343;3;1040;400;0;2;1949;1950;1.0;0.0;1.0;0.0;0.0;0.0;1.0;87500
344;9;1684;564;1684;2;2005;2005;1.0;0.0;1.0;0.0;0.0;0.0;1.0;266000
345;5;1112;336;536;1;1976;1976;1.0;0.0;1.0;0.0;0.0;0.0;1.0;85000
346;6;1577;312;972;1;1939;1950;1.0;0.0;1.0;0.0;0.0;0.0;1.0;140200
347;6;958;301;958;1;1960;1998;1.0;0.0;1.0;0.0;0.0;0.0;1.0;151500
348;6;1478;498;1478;2;1960;1960;1.0;0.0;1.0;0.0;0.0;0.0;1.0;157500
349;7;1626;474;764;2;2003;2004;1.0;0.0;1.0;0.0;0.0;0.0;1.0;154000
350;9;2728;706;1848;2;2005;2006;1.0;0.0;1.0;0.0;0.0;0.0;1.0;437154
351;9;1869;617;1869;2;2007;2007;1.0;0.0;1.0;0.0;0.0;0.0;1.0;318061
352;7;1453;445;1453;1;1986;1986;1.0;0.0;0.0;1.0;0.0;0.0;1.0;190000
353;5;1111;200;616;1;1941;1950;1.0;0.0;1.0;0.0;0.0;0.0;1.0;95000
354;6;720;484;624;1;1928;2003;1.0;0.0;1.0;0.0;0.0;0.0;1.0;105900
355;6;1595;240;940;1;1940;2000;1.0;0.0;1.0;0.0;0.0;0.0;1.0;140000
356;6;1200;521;1200;2;1995;1995;1.0;0.0;1.0;0.0;0.0;0.0;1.0;177500
357;6;1167;400;1158;2;1992;1992;1.0;0.0;1.0;0.0;0.0;0.0;1.0;173000
358;5;1142;528;1142;1;1976;1976;1.0;0.0;1.0;0.0;0.0;0.0;1.0;134000
359;5;1352;288;1062;1;1958;1958;1.0;0.0;1.0;0.0;0.0;0.0;1.0;130000
360;8;1924;592;1086;2;1998;1998;1.0;0.0;1.0;0.0;0.0;0.0;1.0;280000
361;6;912;470;888;1;1978;1978;1.0;0.0;1.0;0.0;0.0;0.0;1.0;156000
362;5;1505;240;883;1;1940;1982;1.0;0.0;1.0;0.0;0.0;0.0;1.0;145000
363;7;1922;672;0;3;2003;2003;1.0;0.0;1.0;0.0;0.0;0.0;1.0;198500
364;6;987;264;483;1;1972;2007;1.0;0.0;1.0;0.0;0.0;0.0;1.0;118000
365;6;1574;566;796;2;1976;1976;1.0;0.0;1.0;0.0;0.0;0.0;1.0;190000
366;5;1344;468;672;1;1920;1997;1.0;0.0;1.0;0.0;0.0;0.0;1.0;147000
367;6;1394;514;1394;1;1963;1963;1.0;0.0;1.0;0.0;0.0;0.0;1.0;159000
368;6;1431;296;1099;1;1962;1962;1.0;0.0;1.0;0.0;0.0;0.0;1.0;165000
369;5;1268;244;1268;1;1954;1954;1.0;0.0;1.0;0.0;0.0;0.0;1.0;132000
370;5;1287;576;1063;1;1959;2006;1.0;0.0;1.0;0.0;0.0;0.0;1.0;162000
371;6;1664;460;953;2;2000;2000;1.0;0.0;1.0;0.0;0.0;0.0;1.0;172400
372;4;1588;680;0;2;1959;1959;1.0;0.0;1.0;0.0;0.0;0.0;1.0;134432
373;6;752;264;744;1;1984;1984;1.0;0.0;1.0;0.0;0.0;0.0;1.0;125000
374;5;1319;270;608;1;1953;1953;1.0;0.0;1.0;0.0;0.0;0.0;1.0;123000
375;7;1928;434;847;2;2003;2004;1.0;0.0;1.0;0.0;0.0;0.0;1.0;219500
376;1;904;0;683;0;1922;1950;1.0;0.0;0.0;0.0;1.0;0.0;1.0;61000
377;5;914;576;870;1;1996;1996;1.0;0.0;1.0;0.0;0.0;0.0;1.0;148000
378;8;2466;610;1580;3;2004;2005;1.0;0.0;1.0;0.0;0.0;0.0;1.0;340000
379;9;1856;834;1856;1;2010;2010;1.0;0.0;1.0;0.0;0.0;0.0;1.0;394432
380;6;1800;463;982;2;2000;2000;1.0;0.0;1.0;0.0;0.0;0.0;1.0;179000
381;5;1691;308;1026;2;1924;1950;1.0;0.0;1.0;0.0;0.0;0.0;1.0;127000
382;7;1301;572;1293;2;2006;2006;1.0;0.0;1.0;0.0;0.0;0.0;1.0;187750
383;7;1797;639;939;2;2006;2006;1.0;0.0;1.0;0.0;0.0;0.0;1.0;213500
384;6;784;360;784;1;1928;1950;1.0;0.0;1.0;0.0;0.0;0.0;1.0;76000
385;6;1953;501;1580;2;1992;1992;1.0;0.0;0.0;1.0;0.0;0.0;1.0;240000
386;8;1269;430;1256;2;2004;2005;1.0;0.0;1.0;0.0;0.0;0.0;1.0;192000
387;5;1184;0;658;1;1910;1996;1.0;0.0;1.0;0.0;0.0;0.0;1.0;81000
388;6;1125;352;1041;1;1976;1976;1.0;0.0;1.0;0.0;0.0;0.0;1.0;125000
389;7;1479;577;1468;2;1999;2000;1.0;0.0;1.0;0.0;0.0;0.0;1.0;191000
390;10;2332;846;1682;2;2007;2008;1.0;0.0;1.0;0.0;0.0;0.0;1.0;426000
391;5;1367;384;861;1;1900;1950;1.0;0.0;1.0;0.0;0.0;0.0;1.0;119000
392;6;1961;560;804;2;2001;2002;1.0;0.0;1.0;0.0;0.0;0.0;1.0;215000
393;5;882;294;0;1;1959;1959;1.0;0.0;1.0;0.0;0.0;0.0;1.0;106500
394;4;788;0;788;1;1941;1950;1.0;0.0;1.0;0.0;0.0;0.0;1.0;100000
395;5;1034;240;735;1;1940;1950;1.0;0.0;1.0;0.0;0.0;0.0;1.0;109000
396;5;1144;596;1144;1;1956;1956;1.0;0.0;1.0;0.0;0.0;0.0;1.0;129000
397;5;894;600;894;1;1972;1972;1.0;0.0;1.0;0.0;0.0;0.0;1.0;123000
398;5;1812;264;864;2;1962;1962;1.0;0.0;1.0;0.0;0.0;0.0;1.0;169500
399;5;1077;338;961;1;1920;1950;1.0;0.0;1.0;0.0;0.0;0.0;1.0;67000
400;7;1550;438;1092;2;2006;2007;1.0;0.0;1.0;0.0;0.0;0.0;1.0;241000
401;8;1288;500;1260;1;1996;1996;1.0;0.0;1.0;0.0;0.0;0.0;1.0;245500
402;7;1310;400;1310;2;2005;2005;1.0;0.0;1.0;0.0;0.0;0.0;1.0;164990
403;5;672;240;672;1;1940;1997;1.0;0.0;1.0;0.0;0.0;0.0;1.0;108000
404;8;2263;420;1141;2;1998;1998;1.0;0.0;1.0;0.0;0.0;0.0;1.0;258000
405;6;1572;373;806;2;1995;1996;1.0;0.0;1.0;0.0;0.0;0.0;1.0;168000
406;4;1620;490;1281;2;1976;1993;1.0;0.0;1.0;0.0;0.0;0.0;1.0;150000
407;6;1639;240;1064;1;1936;1950;1.0;0.0;1.0;0.0;0.0;0.0;1.0;115000
408;6;1680;308;840;2;1915;1976;1.0;0.0;1.0;0.0;0.0;0.0;1.0;177000
409;7;2172;947;1063;2;2006;2006;1.0;0.0;1.0;0.0;0.0;0.0;1.0;280000
410;8;2078;836;1034;2;2007;2008;1.0;0.0;1.0;0.0;0.0;0.0;1.0;339750
411;5;1276;350;1276;1;1958;1958;1.0;0.0;1.0;0.0;0.0;0.0;1.0;60000
412;5;1056;572;1056;1;1955;1955;1.0;0.0;1.0;0.0;0.0;0.0;1.0;145000
413;7;1478;484;1470;2;2009;2009;1.0;0.0;1.0;0.0;0.0;0.0;1.0;222000
414;5;1028;360;1008;1;1927;1950;1.0;0.0;1.0;0.0;0.0;0.0;1.0;115000
415;7;2097;678;1080;2;1993;1993;1.0;0.0;1.0;0.0;0.0;0.0;1.0;228000
416;7;1340;396;1340;2;2007;2007;1.0;0.0;1.0;0.0;0.0;0.0;1.0;181134
417;6;1400;440;672;1;1978;1978;1.0;0.0;1.0;0.0;0.0;0.0;1.0;149500
418;6;2624;864;1370;2;1918;1950;1.0;0.0;1.0;0.0;0.0;0.0;1.0;239000
419;5;1134;240;756;1;1940;1950;1.0;0.0;1.0;0.0;0.0;0.0;1.0;126000
420;5;1056;304;1056;1;1968;1968;1.0;0.0;1.0;0.0;0.0;0.0;1.0;142000
421;7;1344;784;1344;2;1997;1998;1.0;0.0;1.0;0.0;0.0;0.0;1.0;206300
422;6;1602;529;1602;2;1977;2000;1.0;0.0;1.0;0.0;0.0;0.0;1.0;215000
423;5;988;520;988;1;1954;1954;1.0;0.0;0.0;1.0;0.0;0.0;1.0;113000
424;8;2630;696;1470;2;1998;1998;1.0;0.0;1.0;0.0;0.0;0.0;1.0;315000
425;6;1196;297;1196;1;1956;1956;1.0;0.0;1.0;0.0;0.0;0.0;1.0;139000
426;7;1389;240;651;1;1946;1992;1.0;0.0;1.0;0.0;0.0;0.0;1.0;135000
427;7;1644;569;1518;2;1989;1989;1.0;0.0;0.0;1.0;0.0;0.0;1.0;275000
428;4;907;352;907;1;1957;1957;1.0;0.0;1.0;0.0;0.0;0.0;1.0;109008
429;7;1208;628;1208;2;2007;2007;1.0;0.0;1.0;0.0;0.0;0.0;1.0;195400
430;6;1412;576;1392;2;1988;1988;1.0;0.0;1.0;0.0;0.0;0.0;1.0;175000
431;6;987;264;483;1;1971;1971;1.0;0.0;1.0;0.0;0.0;0.0;1.0;85400
432;6;1198;0;901;1;1920;1998;1.0;0.0;1.0;0.0;0.0;0.0;1.0;79900
433;5;1365;440;765;1;1971;1971;1.0;0.0;1.0;0.0;0.0;0.0;1.0;122500
434;6;1604;470;926;2;1997;1998;1.0;0.0;1.0;0.0;0.0;0.0;1.0;181000
435;4;630;0;630;1;1972;1972;1.0;0.0;1.0;0.0;0.0;0.0;1.0;81000
436;7;1661;550;799;2;1996;1996;1.0;0.0;1.0;0.0;0.0;0.0;1.0;212000
437;6;1118;440;648;1;1920;1950;1.0;0.0;1.0;0.0;0.0;0.0;1.0;116000
438;6;904;180;884;1;1926;2004;1.0;0.0;1.0;0.0;0.0;0.0;1.0;119000
439;5;694;352;440;1;1913;2002;1.0;0.0;1.0;0.0;0.0;0.0;1.0;90350
440;6;1196;528;684;1;1920;2000;1.0;0.0;1.0;0.0;0.0;0.0;1.0;110000
441;10;2402;672;3094;2;2008;2008;1.0;0.0;1.0;0.0;0.0;0.0;1.0;555000
442;4;1440;0;1440;2;1955;1955;1.0;0.0;1.0;0.0;0.0;0.0;1.0;118000
443;5;1573;360;1078;2;1930;1992;1.0;0.0;1.0;0.0;0.0;0.0;1.0;162900
444;7;1258;648;1258;2;2006;2007;1.0;0.0;1.0;0.0;0.0;0.0;1.0;172500
445;7;1908;493;915;2;1994;1995;1.0;0.0;1.0;0.0;0.0;0.0;1.0;210000
446;6;1689;480;1436;1;1956;1956;1.0;0.0;1.0;0.0;0.0;0.0;1.0;127500
447;6;1888;578;1517;2;1966;2002;1.0;0.0;1.0;0.0;0.0;0.0;1.0;190000
448;7;1886;431;930;2;1998;1999;1.0;0.0;1.0;0.0;0.0;0.0;1.0;199900
449;6;1376;198;780;2;1937;1950;1.0;0.0;1.0;0.0;0.0;0.0;1.0;119500
450;3;1183;308;649;1;1948;2002;1.0;0.0;1.0;0.0;0.0;0.0;1.0;120000
451;6;813;270;813;1;1930;2005;1.0;0.0;1.0;0.0;0.0;0.0;1.0;110000
452;7;1533;576;1533;2;1975;1975;1.0;0.0;0.0;1.0;0.0;0.0;1.0;280000
453;6;1756;422;872;2;1996;1997;1.0;0.0;1.0;0.0;0.0;0.0;1.0;204000
454;8;1590;676;768;2;2008;2008;1.0;0.0;1.0;0.0;0.0;0.0;1.0;210000
455;5;1728;560;1728;2;1976;1976;1.0;0.0;1.0;0.0;0.0;0.0;1.0;188000
456;7;1242;528;1242;1;1973;1973;1.0;0.0;1.0;0.0;0.0;0.0;1.0;175500
457;5;1344;513;624;1;1916;1950;1.0;0.0;1.0;0.0;0.0;0.0;1.0;98000
458;4;1663;529;1364;1;1954;1994;1.0;0.0;0.0;1.0;0.0;0.0;1.0;256000
459;8;1666;228;588;1;1925;1996;1.0;0.0;1.0;0.0;0.0;0.0;1.0;161000
460;5;1203;352;709;1;1950;1950;1.0;0.0;1.0;0.0;0.0;0.0;1.0;110000
461;8;1935;552;832;2;2009;2009;1.0;0.0;1.0;0.0;0.0;0.0;1.0;263435
462;7;1135;576;560;1;1936;2007;1.0;0.0;1.0;0.0;0.0;0.0;1.0;155000
463;5;864;360;864;1;1965;1965;1.0;0.0;1.0;0.0;0.0;0.0;1.0;62383
464;6;1660;240;715;1;1934;1995;1.0;0.0;0.0;1.0;0.0;0.0;1.0;188700
465;5;1040;0;1040;2;1978;1978;1.0;0.0;0.0;1.0;0.0;0.0;1.0;124000
466;7;1414;398;1375;2;2004;2004;1.0;0.0;1.0;0.0;0.0;0.0;1.0;178740
467;7;1277;526;1277;1;1970;1970;1.0;0.0;1.0;0.0;0.0;0.0;1.0;167000
468;5;1644;312;728;1;1942;1995;1.0;0.0;1.0;0.0;0.0;0.0;1.0;146500
469;8;1634;866;1626;2;2006;2006;1.0;0.0;1.0;0.0;0.0;0.0;1.0;250000
470;6;1710;506;832;2;1993;1993;1.0;0.0;1.0;0.0;0.0;0.0;1.0;187000
471;8;1502;528;1488;1;1985;1985;1.0;0.0;1.0;0.0;0.0;0.0;1.0;212000
472;7;1969;534;808;2;1977;1977;1.0;0.0;1.0;0.0;0.0;0.0;1.0;190000
473;6;1072;525;547;1;2005;2005;1.0;0.0;1.0;0.0;0.0;0.0;1.0;148000
474;8;1976;908;1976;2;2006;2007;1.0;0.0;1.0;0.0;0.0;0.0;1.0;440000
475;8;1652;499;1494;2;2000;2000;1.0;0.0;1.0;0.0;0.0;0.0;1.0;251000
476;5;970;624;970;1;1963;1963;1.0;0.0;1.0;0.0;0.0;0.0;1.0;132500
477;6;1493;508;1478;2;1997;1998;1.0;0.0;0.0;1.0;0.0;0.0;1.0;208900
478;9;2643;694;2153;2;2006;2006;1.0;0.0;1.0;0.0;0.0;0.0;1.0;380000
479;8;1718;826;1705;2;2007;2008;1.0;0.0;1.0;0.0;0.0;0.0;1.0;297000
480;4;1131;672;907;1;1937;2000;1.0;0.0;1.0;0.0;0.0;0.0;1.0;89471
481;9;1850;772;1833;2;2004;2005;1.0;0.0;1.0;0.0;0.0;0.0;1.0;326000
482;9;1792;874;1792;2;2003;2004;1.0;0.0;1.0;0.0;0.0;0.0;1.0;374000
483;7;1826;164;910;1;1915;2005;1.0;0.0;1.0;0.0;0.0;0.0;1.0;155000
484;6;1216;402;1216;2;1998;1998;1.0;0.0;1.0;0.0;0.0;0.0;1.0;164000
485;5;999;264;999;1;1962;2001;1.0;0.0;1.0;0.0;0.0;0.0;1.0;132500
486;5;1113;264;1113;1;1950;2007;1.0;0.0;1.0;0.0;0.0;0.0;1.0;147000
487;5;1073;515;1073;1;1965;1965;1.0;0.0;1.0;0.0;0.0;0.0;1.0;156000
488;5;1484;487;1484;2;1971;1971;1.0;0.0;1.0;0.0;0.0;0.0;1.0;175000
489;5;2414;520;954;2;1900;1970;1.0;0.0;1.0;0.0;0.0;0.0;1.0;160000
490;4;630;286;630;1;1970;2002;1.0;0.0;1.0;0.0;0.0;0.0;1.0;86000
491;5;1304;336;264;1;1976;1976;1.0;0.0;1.0;0.0;0.0;0.0;1.0;115000
492;6;1578;240;806;1;1941;1950;1.0;0.0;1.0;0.0;0.0;0.0;1.0;133000
493;6;1456;429;728;2;2006;2006;1.0;0.0;1.0;0.0;0.0;0.0;1.0;172785
494;5;1269;308;1269;1;1960;1960;1.0;0.0;1.0;0.0;0.0;0.0;1.0;155000
495;5;886;273;190;1;1938;1996;1.0;0.0;1.0;0.0;0.0;0.0;1.0;91300
496;4;720;0;720;1;1920;1950;1.0;0.0;1.0;0.0;0.0;0.0;1.0;34900
497;8;3228;546;3200;3;1992;1993;1.0;0.0;1.0;0.0;0.0;0.0;1.0;430000
498;7;1820;240;1026;2;1925;1950;1.0;0.0;1.0;0.0;0.0;0.0;1.0;184000
499;5;899;288;864;1;1967;2004;1.0;0.0;1.0;0.0;0.0;0.0;1.0;130000
500;5;912;297;912;1;1958;1985;1.0;0.0;1.0;0.0;0.0;0.0;1.0;120000
501;6;1218;264;672;1;1973;1973;1.0;0.0;1.0;0.0;0.0;0.0;1.0;113000
502;7;1768;603;866;2;2005;2005;1.0;0.0;1.0;0.0;0.0;0.0;1.0;226700
503;5;1214;461;1214;1;1965;1965;1.0;0.0;1.0;0.0;0.0;0.0;1.0;140000
504;7;1801;484;1501;2;1959;1997;1.0;0.0;1.0;0.0;0.0;0.0;1.0;289000
505;6;1322;440;855;2;1974;1974;1.0;0.0;1.0;0.0;0.0;0.0;1.0;147000
506;5;1960;400;960;2;1952;1952;1.0;0.0;1.0;0.0;0.0;0.0;1.0;124500
507;8;1911;471;777;2;1993;1994;1.0;0.0;1.0;0.0;0.0;0.0;1.0;215000
508;6;1218;676;1218;2;2009;2009;1.0;0.0;1.0;0.0;0.0;0.0;1.0;208300
509;7;1378;360;689;2;1928;2005;1.0;0.0;1.0;0.0;0.0;0.0;1.0;161000
510;5;1041;270;1041;1;1959;1959;1.0;0.0;1.0;0.0;0.0;0.0;1.0;124500
511;5;1363;288;1008;1;1951;2000;1.0;0.0;1.0;0.0;0.0;0.0;1.0;164900
512;7;1368;474;1368;2;2005;2006;1.0;0.0;1.0;0.0;0.0;0.0;1.0;202665
513;5;864;624;864;1;1958;1958;1.0;0.0;1.0;0.0;0.0;0.0;1.0;129900
514;6;1080;484;1084;1;1983;1983;1.0;0.0;1.0;0.0;0.0;0.0;1.0;134000
515;5;789;200;768;1;1926;1950;1.0;0.0;1.0;0.0;0.0;0.0;1.0;96500
516;10;2020;900;2006;2;2009;2009;1.0;0.0;1.0;0.0;0.0;0.0;1.0;402861
517;6;2119;583;689;2;1972;1972;1.0;0.0;1.0;0.0;0.0;0.0;1.0;158000
518;7;2344;889;1264;2;1996;1997;1.0;0.0;1.0;0.0;0.0;0.0;1.0;265000
519;6;1796;546;794;2;1998;1998;1.0;0.0;1.0;0.0;0.0;0.0;1.0;211000
520;7;2080;282;1276;1;1926;2004;1.0;0.0;1.0;0.0;0.0;0.0;1.0;234000
521;4;1294;0;0;2;1900;2000;1.0;0.0;1.0;0.0;0.0;0.0;1.0;106250
522;6;1244;336;1244;1;1957;1957;1.0;0.0;1.0;0.0;0.0;0.0;1.0;150000
523;6;1664;420;1004;2;1947;1950;1.0;0.0;1.0;0.0;0.0;0.0;1.0;159000
524;10;4676;884;3138;3;2007;2008;1.0;0.0;1.0;0.0;0.0;0.0;1.0;184750
525;7;2398;834;1379;2;1996;1997;1.0;0.0;1.0;0.0;0.0;0.0;1.0;315750
526;7;1266;453;1257;2;2005;2005;1.0;0.0;1.0;0.0;0.0;0.0;1.0;176000
527;5;928;252;928;1;1956;2000;1.0;0.0;1.0;0.0;0.0;0.0;1.0;132000
528;9;2713;858;1452;2;2008;2008;1.0;0.0;1.0;0.0;0.0;0.0;1.0;446261
529;4;605;0;528;1;1920;2002;1.0;0.0;1.0;0.0;0.0;0.0;1.0;86000
530;6;2515;484;2035;3;1957;1975;1.0;0.0;1.0;0.0;0.0;0.0;1.0;200624
531;6;1509;600;1461;2;1988;1989;1.0;0.0;1.0;0.0;0.0;0.0;1.0;175000
532;6;1362;502;611;2;1920;1999;1.0;0.0;1.0;0.0;0.0;0.0;1.0;128000
533;5;827;392;0;1;1955;2007;1.0;0.0;1.0;0.0;0.0;0.0;1.0;107500
534;1;334;0;0;1;1946;1950;1.0;0.0;0.0;1.0;0.0;0.0;1.0;39300
535;8;1414;403;707;2;2004;2004;1.0;0.0;1.0;0.0;0.0;0.0;1.0;178000
536;5;1347;0;1117;1;1910;1991;1.0;0.0;1.0;0.0;0.0;0.0;1.0;107500
537;7;1724;527;880;2;1998;1999;1.0;0.0;1.0;0.0;0.0;0.0;1.0;188000
538;4;864;576;864;1;1972;1972;1.0;0.0;1.0;0.0;0.0;0.0;1.0;111250
539;5;1159;336;1051;1;1968;1968;1.0;0.0;1.0;0.0;0.0;0.0;1.0;158000
540;8;1601;670;1581;2;2001;2002;1.0;0.0;1.0;0.0;0.0;0.0;1.0;272000
541;9;1838;765;1838;2;2006;2006;1.0;0.0;1.0;0.0;0.0;0.0;1.0;315000
542;8;2285;648;969;2;2000;2000;1.0;0.0;1.0;0.0;0.0;0.0;1.0;248000
543;7;1680;583;1650;2;1998;1999;1.0;0.0;1.0;0.0;0.0;0.0;1.0;213250
544;7;767;367;723;1;1998;1998;1.0;0.0;1.0;0.0;0.0;0.0;1.0;133000
545;7;1496;426;654;2;2006;2006;1.0;0.0;1.0;0.0;0.0;0.0;1.0;179665
546;7;2183;786;1204;2;1988;1988;1.0;0.0;1.0;0.0;0.0;0.0;1.0;229000
547;6;1635;440;1065;1;1923;1950;1.0;0.0;1.0;0.0;0.0;0.0;1.0;210000
548;5;768;624;768;1;1970;1970;1.0;0.0;1.0;0.0;0.0;0.0;1.0;129500
549;5;825;720;825;1;1955;1995;1.0;0.0;1.0;0.0;0.0;0.0;1.0;125000
550;7;2094;615;912;2;2003;2004;1.0;0.0;1.0;0.0;0.0;0.0;1.0;263000
551;6;1069;440;1069;2;1977;1977;1.0;0.0;1.0;0.0;0.0;0.0;1.0;140000
552;5;928;288;928;1;1957;1957;1.0;0.0;1.0;0.0;0.0;0.0;1.0;112500
553;8;1717;908;1709;2;2006;2006;1.0;0.0;1.0;0.0;0.0;0.0;1.0;255500
554;4;1126;520;0;2;1949;2003;1.0;0.0;1.0;0.0;0.0;0.0;1.0;108000
555;7;2046;871;998;2;2003;2004;1.0;0.0;1.0;0.0;0.0;0.0;1.0;284000
556;5;1048;280;993;1;1922;1950;1.0;0.0;1.0;0.0;0.0;0.0;1.0;113000
557;5;1092;299;1092;1;1957;1957;1.0;0.0;1.0;0.0;0.0;0.0;1.0;141000
558;4;1336;570;637;1;1920;1950;1.0;0.0;0.0;1.0;0.0;0.0;1.0;108000
559;7;1446;406;729;2;1996;1997;1.0;0.0;1.0;0.0;0.0;0.0;1.0;175000
560;7;1557;420;1374;2;2003;2004;1.0;0.0;1.0;0.0;0.0;0.0;1.0;234000
561;5;1392;528;1392;1;1957;1996;1.0;0.0;1.0;0.0;0.0;0.0;1.0;121500
562;5;1389;418;1389;1;1974;1975;1.0;0.0;0.0;1.0;0.0;0.0;1.0;170000
563;5;996;0;996;1;1940;1969;1.0;0.0;1.0;0.0;0.0;0.0;1.0;108000
564;6;1674;396;1163;2;1918;1950;1.0;0.0;1.0;0.0;0.0;0.0;1.0;185000
565;7;2295;590;1095;2;1992;2000;1.0;0.0;1.0;0.0;0.0;0.0;1.0;268000
566;6;1647;216;806;1;1915;1950;1.0;0.0;1.0;0.0;0.0;0.0;1.0;128000
567;9;2504;656;1122;2;2005;2007;1.0;0.0;1.0;0.0;0.0;0.0;1.0;325000
568;7;1535;532;1517;2;2004;2004;1.0;0.0;1.0;0.0;0.0;0.0;1.0;214000
569;8;2132;612;1496;1;1983;2009;1.0;0.0;0.0;1.0;0.0;0.0;1.0;316600
570;5;943;600;943;1;1979;1979;1.0;0.0;1.0;0.0;0.0;0.0;1.0;135960
571;5;1728;576;1728;2;1965;1965;1.0;0.0;1.0;0.0;0.0;0.0;1.0;142600
572;6;864;288;864;1;1959;1959;1.0;0.0;1.0;0.0;0.0;0.0;1.0;120000
573;7;1692;650;846;2;2009;2009;1.0;0.0;1.0;0.0;0.0;0.0;1.0;224500
574;7;1430;400;384;2;2000;2000;1.0;0.0;1.0;0.0;0.0;0.0;1.0;170000
575;5;1109;288;372;1;1971;2005;1.0;0.0;1.0;0.0;0.0;0.0;1.0;139000
576;5;1216;336;832;1;1947;1950;1.0;0.0;1.0;0.0;0.0;0.0;1.0;118500
577;7;1477;216;861;2;1928;1950;1.0;0.0;1.0;0.0;0.0;0.0;1.0;145000
578;5;1320;564;1164;1;1966;1966;1.0;0.0;1.0;0.0;0.0;0.0;1.0;164500
579;7;1392;540;689;2;2007;2007;1.0;0.0;1.0;0.0;0.0;0.0;1.0;146000
580;5;1795;352;1050;2;1954;1954;1.0;0.0;1.0;0.0;0.0;0.0;1.0;131500
581;6;1429;572;1144;1;1960;1987;1.0;0.0;1.0;0.0;0.0;0.0;1.0;181900
582;8;2042;1390;2042;2;2008;2009;1.0;0.0;1.0;0.0;0.0;0.0;1.0;253293
583;6;816;0;816;1;1990;1990;1.0;0.0;1.0;0.0;0.0;1.0;0.0;118500
584;10;2775;880;1237;3;1893;2000;1.0;0.0;1.0;0.0;0.0;0.0;1.0;325000
585;4;1573;240;884;1;1935;1995;1.0;0.0;1.0;0.0;0.0;0.0;1.0;133000
586;8;2028;880;1868;2;2005;2006;1.0;0.0;1.0;0.0;0.0;0.0;1.0;369900
587;6;838;275;816;1;1918;2000;1.0;0.0;1.0;0.0;0.0;0.0;1.0;130000
588;5;860;528;840;1;1982;1982;1.0;0.0;1.0;0.0;0.0;0.0;1.0;137000
589;5;1473;452;1437;1;1968;2003;1.0;0.0;0.0;0.0;1.0;0.0;1.0;143000
590;5;935;308;742;1;1930;1960;1.0;0.0;1.0;0.0;0.0;0.0;1.0;79500
591;7;1582;520;770;2;2004;2004;1.0;0.0;1.0;0.0;0.0;0.0;1.0;185900
592;10;2296;842;1722;2;2008;2008;1.0;0.0;1.0;0.0;0.0;0.0;1.0;451950
593;5;816;816;816;1;1982;2003;1.0;0.0;1.0;0.0;0.0;0.0;1.0;138000
594;6;848;420;848;1;2003;2003;1.0;0.0;1.0;0.0;0.0;0.0;1.0;140000
595;5;924;280;924;1;1975;1975;1.0;0.0;1.0;0.0;0.0;0.0;1.0;110000
596;8;1826;758;1814;2;2005;2006;1.0;0.0;1.0;0.0;0.0;0.0;1.0;319000
597;6;1368;216;684;1;1910;1993;1.0;0.0;1.0;0.0;0.0;0.0;1.0;114504
598;7;1402;648;1258;0;2006;2007;1.0;0.0;1.0;0.0;0.0;0.0;1.0;194201
599;5;1647;621;1430;2;1977;1977;1.0;0.0;1.0;0.0;0.0;0.0;1.0;217500
600;6;1556;452;716;2;1980;1980;1.0;0.0;1.0;0.0;0.0;0.0;1.0;151000
601;8;1904;736;1058;2;2005;2005;1.0;0.0;1.0;0.0;0.0;0.0;1.0;275000
602;6;1375;544;780;1;1937;1950;1.0;0.0;1.0;0.0;0.0;0.0;1.0;141000
603;8;1915;506;908;2;1992;1992;1.0;0.0;1.0;0.0;0.0;0.0;1.0;220000
604;7;1200;480;600;2;2004;2005;1.0;0.0;1.0;0.0;0.0;0.0;1.0;151000
605;7;1494;530;1494;2;2002;2002;1.0;0.0;1.0;0.0;0.0;0.0;1.0;221000
606;7;1986;486;768;2;1965;1990;1.0;0.0;1.0;0.0;0.0;0.0;1.0;205000
607;5;1040;576;1040;1;1996;1996;1.0;0.0;0.0;1.0;0.0;0.0;1.0;152000
608;5;2008;230;896;3;1948;2002;1.0;0.0;0.0;1.0;0.0;0.0;1.0;225000
609;8;3194;380;965;2;1934;1998;1.0;0.0;0.0;1.0;0.0;0.0;1.0;359100
610;4;1029;261;1029;1;1961;1961;1.0;0.0;1.0;0.0;0.0;0.0;1.0;118500
611;9;2153;736;1440;2;2000;2000;1.0;0.0;1.0;0.0;0.0;0.0;1.0;313000
612;6;1032;564;1032;2;1978;1978;1.0;0.0;1.0;0.0;0.0;0.0;1.0;148000
613;8;1872;531;1299;2;2001;2001;1.0;0.0;1.0;0.0;0.0;0.0;1.0;261500
614;5;1120;0;1120;1;2007;2007;1.0;0.0;1.0;0.0;0.0;0.0;1.0;147000
615;4;630;0;630;1;1972;1972;1.0;0.0;1.0;0.0;0.0;0.0;1.0;75500
616;6;1054;480;936;1;1963;1963;1.0;0.0;1.0;0.0;0.0;0.0;1.0;137500
617;6;1509;393;783;2;2002;2003;1.0;0.0;1.0;0.0;0.0;0.0;1.0;183200
618;6;832;528;832;1;1954;1954;1.0;0.0;0.0;1.0;0.0;0.0;1.0;105500
619;9;1828;774;1822;2;2007;2007;1.0;0.0;1.0;0.0;0.0;0.0;1.0;314813
620;8;2262;749;1482;2;2003;2003;1.0;0.0;1.0;0.0;0.0;0.0;1.0;305000
621;3;864;0;864;1;1914;1950;1.0;0.0;1.0;0.0;0.0;0.0;1.0;67000
622;6;2614;624;1522;2;1974;1997;1.0;0.0;1.0;0.0;0.0;0.0;1.0;240000
623;5;980;484;980;1;1977;1977;1.0;0.0;1.0;0.0;0.0;0.0;1.0;135000
624;6;1512;440;756;2;2000;2000;1.0;0.0;1.0;0.0;0.0;0.0;1.0;168500
625;6;1790;484;732;1;1972;1972;1.0;0.0;1.0;0.0;0.0;0.0;1.0;165150
626;6;1116;440;1116;1;1962;1962;1.0;0.0;1.0;0.0;0.0;0.0;1.0;160000
627;5;1422;286;978;1;1960;1978;1.0;0.0;1.0;0.0;0.0;0.0;1.0;139900
628;6;1520;364;1156;1;1955;1972;1.0;0.0;1.0;0.0;0.0;0.0;1.0;153000
629;5;2080;504;1040;1;1969;1969;1.0;0.0;0.0;0.0;1.0;0.0;1.0;135000
630;6;1350;520;1248;1;1964;1964;1.0;0.0;1.0;0.0;0.0;0.0;1.0;168500
631;5;1750;240;636;1;1880;1991;1.0;0.0;1.0;0.0;0.0;0.0;1.0;124000
632;8;1554;627;1554;2;2006;2006;1.0;0.0;1.0;0.0;0.0;0.0;1.0;209500
633;7;1411;544;1386;2;1977;1977;1.0;0.0;1.0;0.0;0.0;0.0;1.0;82500
634;5;1056;260;1056;1;1954;2005;1.0;0.0;1.0;0.0;0.0;0.0;1.0;139400
635;6;1056;576;1056;0;1980;1980;1.0;0.0;1.0;0.0;0.0;0.0;1.0;144000
636;6;3395;0;1440;2;1914;1995;1.0;0.0;1.0;0.0;0.0;0.0;1.0;200000
637;2;800;0;264;1;1936;1950;1.0;0.0;1.0;0.0;0.0;0.0;1.0;60000
638;5;1387;256;811;2;1954;1954;1.0;0.0;1.0;0.0;0.0;0.0;1.0;93000
639;5;796;0;796;1;1910;1950;1.0;0.0;1.0;0.0;0.0;0.0;1.0;85000
640;8;1567;648;1520;2;2006;2006;1.0;0.0;1.0;0.0;0.0;0.0;1.0;264561
641;8;1518;588;1518;1;2003;2004;1.0;0.0;1.0;0.0;0.0;0.0;1.0;274000
642;7;1929;650;1057;2;2001;2001;1.0;0.0;1.0;0.0;0.0;0.0;1.0;226000
643;8;2704;538;1952;2;1972;1995;1.0;0.0;1.0;0.0;0.0;0.0;1.0;345000
644;5;1620;462;780;2;1969;1969;1.0;0.0;1.0;0.0;0.0;0.0;1.0;152000
645;9;1766;478;1766;2;2009;2009;1.0;0.0;1.0;0.0;0.0;0.0;1.0;370878
646;6;981;576;981;1;1971;1971;1.0;0.0;1.0;0.0;0.0;0.0;1.0;143250
647;5;1048;420;0;1;1950;1950;1.0;0.0;1.0;0.0;0.0;0.0;1.0;98300
648;6;1094;495;1094;1;1953;1953;1.0;0.0;1.0;0.0;0.0;0.0;1.0;155000
649;6;1839;442;756;1;1966;1966;1.0;0.0;1.0;0.0;0.0;0.0;1.0;155000
650;4;630;0;630;1;1970;1970;1.0;0.0;1.0;0.0;0.0;0.0;1.0;84500
651;7;1665;562;813;2;2007;2007;1.0;0.0;1.0;0.0;0.0;0.0;1.0;205950
652;4;1510;296;755;1;1940;1950;1.0;0.0;1.0;0.0;0.0;0.0;1.0;108000
653;7;1716;512;880;2;1996;1996;1.0;0.0;1.0;0.0;0.0;0.0;1.0;191000
654;6;1469;216;756;1;1906;1995;1.0;0.0;1.0;0.0;0.0;0.0;1.0;135000
655;8;2113;839;2109;2;1995;1995;1.0;0.0;1.0;0.0;0.0;0.0;1.0;350000
656;6;1092;264;525;1;1971;1971;1.0;0.0;1.0;0.0;0.0;0.0;1.0;88000
657;5;1053;312;1053;1;1959;2006;1.0;0.0;1.0;0.0;0.0;0.0;1.0;145500
658;7;1502;270;776;1;1931;2000;1.0;0.0;0.0;1.0;0.0;0.0;1.0;149000
659;6;1458;330;912;1;1948;1950;1.0;0.0;1.0;0.0;0.0;0.0;1.0;97500
660;5;1486;480;1486;1;1964;1999;1.0;0.0;1.0;0.0;0.0;0.0;1.0;167000
661;7;1935;550;793;2;1976;1976;1.0;0.0;1.0;0.0;0.0;0.0;1.0;197900
662;8;2448;711;1629;2;1994;2005;1.0;0.0;1.0;0.0;0.0;0.0;1.0;402000
663;6;1392;576;1392;1;1968;1968;1.0;0.0;1.0;0.0;0.0;0.0;1.0;110000
664;4;1181;588;1138;2;1972;1972;1.0;0.0;1.0;0.0;0.0;0.0;1.0;137500
665;8;2097;1134;2077;1;2005;2006;1.0;0.0;1.0;0.0;0.0;0.0;1.0;423000
666;8;1936;504;1406;2;2000;2000;1.0;0.0;1.0;0.0;0.0;0.0;1.0;230500
667;6;2380;596;1021;2;1965;1979;1.0;0.0;1.0;0.0;0.0;0.0;1.0;129000
668;6;1679;575;1408;2;1994;1998;1.0;0.0;1.0;0.0;0.0;0.0;1.0;193500
669;5;1437;576;1188;1;1956;1987;1.0;0.0;0.0;1.0;0.0;0.0;1.0;168000
670;4;1180;252;700;1;1922;1950;1.0;0.0;1.0;0.0;0.0;0.0;1.0;137500
671;6;1476;540;738;2;2005;2005;1.0;0.0;1.0;0.0;0.0;0.0;1.0;173500
672;6;1369;300;672;2;1925;1950;1.0;0.0;1.0;0.0;0.0;0.0;1.0;103600
673;6;1208;546;1208;1;1977;1977;1.0;0.0;1.0;0.0;0.0;0.0;1.0;165000
674;6;1839;416;1477;2;1957;2004;1.0;0.0;1.0;0.0;0.0;0.0;1.0;257500
675;6;1136;384;1136;1;1965;1965;1.0;0.0;1.0;0.0;0.0;0.0;1.0;140000
676;6;1441;440;855;2;1978;1978;1.0;0.0;1.0;0.0;0.0;0.0;1.0;148500
677;4;1774;779;1095;2;1900;1950;1.0;0.0;1.0;0.0;0.0;0.0;1.0;87000
678;5;792;240;768;1;1924;2006;1.0;0.0;1.0;0.0;0.0;0.0;1.0;109500
679;8;2046;834;2046;2;2008;2008;1.0;0.0;1.0;0.0;0.0;0.0;1.0;372500
680;5;988;572;988;1;1961;1961;1.0;0.0;1.0;0.0;0.0;0.0;1.0;128500
681;6;923;264;923;2;1980;1980;1.0;0.0;1.0;0.0;0.0;0.0;1.0;143000
682;5;1520;281;793;1;1932;2000;1.0;0.0;1.0;0.0;0.0;0.0;1.0;159434
683;6;1291;431;1291;1;1996;1997;1.0;0.0;1.0;0.0;0.0;0.0;1.0;173000
684;9;1668;702;1626;2;2002;2002;1.0;0.0;1.0;0.0;0.0;0.0;1.0;285000
685;7;1839;486;1195;2;1998;1998;1.0;0.0;1.0;0.0;0.0;0.0;1.0;221000
686;7;2090;577;1190;2;1984;1984;1.0;0.0;1.0;0.0;0.0;0.0;1.0;207500
687;7;1761;578;874;3;2007;2007;1.0;0.0;1.0;0.0;0.0;0.0;1.0;227875
688;7;1102;480;551;2;2004;2004;1.0;0.0;1.0;0.0;0.0;0.0;1.0;148800
689;8;1419;567;1419;2;2007;2007;1.0;0.0;1.0;0.0;0.0;0.0;1.0;392000
690;6;1362;460;1362;2;2005;2006;1.0;0.0;1.0;0.0;0.0;0.0;1.0;194700
691;6;848;420;848;1;2004;2004;1.0;0.0;1.0;0.0;0.0;0.0;1.0;141000
692;10;4316;832;2444;3;1994;1995;1.0;0.0;1.0;0.0;0.0;0.0;1.0;755000
693;7;2519;628;1210;2;1989;1990;1.0;0.0;0.0;1.0;0.0;0.0;1.0;335000
694;5;1073;326;1073;1;1921;1968;1.0;0.0;0.0;0.0;1.0;0.0;1.0;108480
695;5;1539;576;927;1;1936;1950;1.0;0.0;1.0;0.0;0.0;0.0;1.0;141500
696;6;1137;551;1112;2;1987;1987;1.0;0.0;1.0;0.0;0.0;0.0;1.0;176000
697;5;616;205;616;1;1921;1950;1.0;0.0;1.0;0.0;0.0;0.0;1.0;89000
698;5;1148;308;980;1;1952;1952;1.0;0.0;1.0;0.0;0.0;0.0;1.0;123500
699;5;894;336;894;1;1965;2009;1.0;0.0;1.0;0.0;0.0;0.0;1.0;138500
700;7;1391;530;1391;2;2004;2004;1.0;0.0;1.0;0.0;0.0;0.0;1.0;196000
701;8;1800;765;1800;2;2002;2002;1.0;0.0;1.0;0.0;0.0;0.0;1.0;312500
702;7;1164;528;1164;1;1969;1969;1.0;0.0;1.0;0.0;0.0;0.0;1.0;140000
703;8;2576;666;1234;2;2006;2006;1.0;0.0;1.0;0.0;0.0;0.0;1.0;361919
704;5;1812;672;360;2;1900;1996;1.0;0.0;1.0;0.0;0.0;0.0;1.0;140000
705;7;1484;606;1473;2;2004;2005;1.0;0.0;1.0;0.0;0.0;0.0;1.0;213000
706;4;1092;0;0;2;1930;1950;1.0;0.0;1.0;0.0;0.0;0.0;1.0;55000
707;7;1824;739;1643;2;1971;2002;1.0;0.0;0.0;0.0;1.0;0.0;1.0;302000
708;8;1324;550;1324;2;2006;2006;1.0;0.0;1.0;0.0;0.0;0.0;1.0;254000
709;7;1456;400;728;2;2007;2007;1.0;0.0;1.0;0.0;0.0;0.0;1.0;179540
710;5;904;408;876;1;1966;1966;1.0;0.0;1.0;0.0;0.0;0.0;1.0;109900
711;3;729;0;270;1;1935;2003;1.0;0.0;1.0;0.0;0.0;0.0;1.0;52000
712;4;1178;384;859;1;1900;1950;1.0;0.0;0.0;1.0;0.0;0.0;1.0;102776
713;8;1228;472;1228;2;1988;1989;1.0;0.0;1.0;0.0;0.0;0.0;1.0;189000
714;4;960;576;960;1;1970;1970;1.0;0.0;1.0;0.0;0.0;0.0;1.0;129000
715;6;1479;475;725;2;1976;2005;1.0;0.0;1.0;0.0;0.0;0.0;1.0;130500
716;6;1350;478;1064;2;1974;1974;1.0;0.0;1.0;0.0;0.0;0.0;1.0;165000
717;7;2554;704;718;1;1890;1998;1.0;0.0;1.0;0.0;0.0;0.0;1.0;159500
718;5;1178;439;1176;1;1973;2000;1.0;0.0;1.0;0.0;0.0;0.0;1.0;157000
719;7;2418;983;1311;2;1993;1994;1.0;0.0;1.0;0.0;0.0;0.0;1.0;341000
720;5;971;300;971;1;1969;1969;1.0;0.0;1.0;0.0;0.0;0.0;1.0;128500
721;8;1742;564;1742;2;1985;1985;1.0;0.0;0.0;1.0;0.0;0.0;1.0;275000
722;6;848;420;848;1;2004;2004;1.0;0.0;1.0;0.0;0.0;0.0;1.0;143000
723;4;864;463;864;1;1970;1970;1.0;0.0;1.0;0.0;0.0;0.0;1.0;124500
724;4;1470;548;941;2;1954;1972;1.0;0.0;1.0;0.0;0.0;0.0;1.0;135000
725;9;1698;768;1698;2;2007;2008;1.0;0.0;1.0;0.0;0.0;0.0;1.0;320000
726;4;864;660;864;1;1970;1970;1.0;0.0;1.0;0.0;0.0;0.0;1.0;120500
727;6;1680;540;880;2;1988;2007;1.0;0.0;1.0;0.0;0.0;0.0;1.0;222000
728;7;1232;632;1232;2;2007;2007;1.0;0.0;1.0;0.0;0.0;0.0;1.0;194500
729;5;1776;888;1584;2;1958;1958;1.0;0.0;1.0;0.0;0.0;0.0;1.0;110000
730;4;1208;539;780;1;1925;1950;1.0;0.0;1.0;0.0;0.0;0.0;1.0;103000
731;8;1616;608;1595;2;1995;1996;1.0;0.0;1.0;0.0;0.0;0.0;1.0;236500
732;7;1146;438;868;2;2003;2003;1.0;0.0;1.0;0.0;0.0;0.0;1.0;187500
733;7;2031;541;1153;2;1998;1999;1.0;0.0;1.0;0.0;0.0;0.0;1.0;222500
734;5;1144;264;864;1;1961;1983;1.0;0.0;1.0;0.0;0.0;0.0;1.0;131400
735;5;948;300;948;1;1968;1968;1.0;0.0;1.0;0.0;0.0;0.0;1.0;108000
736;7;1768;320;880;1;1914;1970;1.0;0.0;1.0;0.0;0.0;0.0;1.0;163000
737;3;1040;400;0;2;1950;1950;1.0;0.0;1.0;0.0;0.0;0.0;1.0;93500
738;8;1801;800;893;2;2005;2005;1.0;0.0;1.0;0.0;0.0;0.0;1.0;239900
739;5;1200;0;1200;3;1987;1988;1.0;0.0;1.0;0.0;0.0;0.0;1.0;179000
740;7;1728;572;864;2;2004;2004;1.0;0.0;1.0;0.0;0.0;0.0;1.0;190000
741;5;1432;360;264;2;1910;2002;1.0;0.0;1.0;0.0;0.0;0.0;1.0;132000
742;6;912;288;912;1;1961;1996;1.0;0.0;1.0;0.0;0.0;0.0;1.0;142000
743;7;1349;539;1349;2;2000;2001;1.0;0.0;1.0;0.0;0.0;0.0;1.0;179000
744;5;1464;480;520;2;1963;1999;1.0;0.0;1.0;0.0;0.0;0.0;1.0;175000
745;8;1337;462;1337;2;1993;1993;1.0;0.0;1.0;0.0;0.0;0.0;1.0;180000
746;8;2715;831;1142;3;1976;1996;1.0;0.0;1.0;0.0;0.0;0.0;1.0;299800
747;7;2256;554;952;2;2000;2000;1.0;0.0;1.0;0.0;0.0;0.0;1.0;236000
748;7;2640;864;1240;1;1880;2003;1.0;0.0;1.0;0.0;0.0;0.0;1.0;265979
749;7;1720;527;1720;2;1996;1996;1.0;0.0;1.0;0.0;0.0;0.0;1.0;260400
750;4;1529;240;0;2;1945;1950;1.0;0.0;1.0;0.0;0.0;0.0;1.0;98000
751;4;1140;0;576;1;1910;2004;1.0;0.0;1.0;0.0;0.0;0.0;1.0;96500
752;7;1320;400;660;2;2003;2003;1.0;0.0;1.0;0.0;0.0;0.0;1.0;162000
753;6;1494;576;1479;2;1997;1997;1.0;0.0;1.0;0.0;0.0;0.0;1.0;217000
754;8;2098;878;1030;2;2005;2005;1.0;0.0;1.0;0.0;0.0;0.0;1.0;275500
755;6;1026;440;1026;1;1969;2005;1.0;0.0;1.0;0.0;0.0;0.0;1.0;156000
756;6;1471;440;729;2;1999;1999;1.0;0.0;1.0;0.0;0.0;0.0;1.0;172500
757;8;1768;578;866;2;2007;2007;1.0;0.0;1.0;0.0;0.0;0.0;1.0;212000
758;6;1386;440;672;2;1978;1978;1.0;0.0;1.0;0.0;0.0;0.0;1.0;158900
759;7;1501;440;744;2;1999;1999;1.0;0.0;1.0;0.0;0.0;0.0;1.0;179400
760;8;2531;752;1318;2;1995;1995;1.0;0.0;1.0;0.0;0.0;0.0;1.0;290000
761;6;864;300;864;1;1959;1959;1.0;0.0;1.0;0.0;0.0;0.0;1.0;127500
762;5;1301;440;1145;1;1924;1950;1.0;0.0;1.0;0.0;0.0;0.0;1.0;100000
763;7;1547;614;756;2;2009;2009;1.0;0.0;1.0;0.0;0.0;0.0;1.0;215200
764;8;2365;856;1252;2;1999;1999;1.0;0.0;1.0;0.0;0.0;0.0;1.0;337000
765;8;1494;481;1494;1;1995;1996;1.0;0.0;1.0;0.0;0.0;0.0;1.0;270000
766;9;1506;592;1498;2;2008;2008;1.0;0.0;1.0;0.0;0.0;0.0;1.0;264132
767;7;1714;496;980;2;1988;1988;1.0;0.0;1.0;0.0;0.0;0.0;1.0;196500
768;6;1750;423;983;2;1940;1985;1.0;0.0;1.0;0.0;0.0;0.0;1.0;160000
769;7;1836;484;1860;2;2004;2005;1.0;0.0;1.0;0.0;0.0;0.0;1.0;216837
770;8;3279;841;1650;3;2003;2003;1.0;0.0;0.0;1.0;0.0;0.0;1.0;538000
771;5;858;576;858;1;1982;1982;1.0;0.0;1.0;0.0;0.0;0.0;1.0;134900
772;4;1220;396;836;1;1951;1951;1.0;0.0;1.0;0.0;0.0;0.0;1.0;102000
773;6;1117;672;1029;1;1976;1976;1.0;0.0;1.0;0.0;0.0;0.0;1.0;107000
774;5;912;275;912;1;1958;1958;1.0;0.0;1.0;0.0;0.0;0.0;1.0;114500
775;8;1973;895;1935;2;2006;2006;1.0;0.0;1.0;0.0;0.0;0.0;1.0;395000
776;6;1204;412;1204;2;1998;1998;1.0;0.0;1.0;0.0;0.0;0.0;1.0;162000
777;7;1614;865;1614;2;2005;2006;1.0;0.0;1.0;0.0;0.0;0.0;1.0;221500
778;5;894;440;864;1;1974;1974;1.0;0.0;1.0;0.0;0.0;0.0;1.0;142500
779;5;2020;630;0;2;1977;1977;1.0;0.0;1.0;0.0;0.0;0.0;1.0;144000
780;6;1004;504;975;1;1977;1977;1.0;0.0;1.0;0.0;0.0;0.0;1.0;135000
781;7;1253;402;1237;2;1995;1996;1.0;0.0;1.0;0.0;0.0;0.0;1.0;176000
782;6;1603;484;761;2;1992;1992;1.0;0.0;1.0;0.0;0.0;0.0;1.0;175900
783;7;1430;605;1413;2;2001;2002;1.0;0.0;1.0;0.0;0.0;0.0;1.0;187100
784;5;1110;602;1097;1;1978;1978;1.0;0.0;1.0;0.0;0.0;0.0;1.0;165500
785;6;1484;0;742;2;1914;2001;1.0;0.0;1.0;0.0;0.0;0.0;1.0;128000
786;6;1342;457;1372;2;1967;1967;1.0;0.0;1.0;0.0;0.0;0.0;1.0;161500
787;5;1652;416;686;2;1915;1950;1.0;0.0;1.0;0.0;0.0;0.0;1.0;139000
788;7;2084;618;956;2;2004;2004;1.0;0.0;1.0;0.0;0.0;0.0;1.0;233000
789;4;901;281;901;1;1954;2000;1.0;0.0;1.0;0.0;0.0;0.0;1.0;107900
790;6;2087;444;832;2;1966;2007;1.0;0.0;1.0;0.0;0.0;0.0;1.0;187500
791;7;1145;397;1145;2;2005;2006;1.0;0.0;1.0;0.0;0.0;0.0;1.0;160200
792;6;1062;539;1029;1;1976;1976;1.0;0.0;1.0;0.0;0.0;0.0;1.0;146800
793;7;2013;455;1117;2;1996;1997;1.0;0.0;1.0;0.0;0.0;0.0;1.0;269790
794;8;1496;474;1496;2;2007;2007;1.0;0.0;1.0;0.0;0.0;0.0;1.0;225000
795;7;1895;409;712;2;1994;1996;1.0;0.0;1.0;0.0;0.0;0.0;1.0;194500
796;6;1564;476;650;2;1980;1981;1.0;0.0;1.0;0.0;0.0;0.0;1.0;171000
797;6;1285;528;660;1;1977;1977;1.0;0.0;1.0;0.0;0.0;0.0;1.0;143500
798;5;773;240;773;1;1953;1953;1.0;0.0;1.0;0.0;0.0;0.0;1.0;110000
799;9;3140;820;1926;3;2008;2009;1.0;0.0;1.0;0.0;0.0;0.0;1.0;485000
800;5;1768;240;731;1;1937;1950;1.0;0.0;1.0;0.0;0.0;0.0;1.0;175000
801;6;1688;603;616;2;1997;1997;1.0;0.0;0.0;1.0;0.0;0.0;1.0;200000
802;4;1196;440;1196;1;1916;1990;1.0;0.0;1.0;0.0;0.0;0.0;1.0;109900
803;7;1456;410;728;2;2005;2005;1.0;0.0;1.0;0.0;0.0;0.0;1.0;189000
804;9;2822;1020;1734;3;2008;2009;1.0;0.0;1.0;0.0;0.0;0.0;1.0;582933
805;5;1128;286;936;1;1954;1954;1.0;0.0;1.0;0.0;0.0;0.0;1.0;118000
806;7;1428;554;1417;2;2008;2008;1.0;0.0;1.0;0.0;0.0;0.0;1.0;227680
807;5;980;384;980;2;1967;1967;1.0;0.0;1.0;0.0;0.0;0.0;1.0;135500
808;5;1576;528;1324;1;1923;2004;1.0;0.0;1.0;0.0;0.0;0.0;1.0;223500
809;5;1086;484;1024;1;1966;1966;1.0;0.0;1.0;0.0;0.0;0.0;1.0;159950
810;5;2138;360;849;2;1898;1965;1.0;0.0;1.0;0.0;0.0;0.0;1.0;106000
811;6;1309;484;1040;1;1974;1999;1.0;0.0;1.0;0.0;0.0;0.0;1.0;181000
812;6;848;420;848;1;2004;2004;1.0;0.0;1.0;0.0;0.0;0.0;1.0;144500
813;5;1044;504;540;1;1952;1952;1.0;0.0;0.0;1.0;0.0;1.0;0.0;55993
814;6;1442;301;1442;1;1958;1958;1.0;0.0;1.0;0.0;0.0;0.0;1.0;157900
815;5;1250;280;686;1;1918;1950;1.0;0.0;1.0;0.0;0.0;0.0;1.0;116000
816;7;1661;598;1649;2;1998;1998;1.0;0.0;1.0;0.0;0.0;0.0;1.0;224900
817;5;1008;275;1008;1;1954;1954;1.0;0.0;1.0;0.0;0.0;0.0;1.0;137000
818;8;1689;857;1568;2;2002;2002;1.0;0.0;1.0;0.0;0.0;0.0;1.0;271000
819;6;1052;440;1010;1;1971;1971;1.0;0.0;1.0;0.0;0.0;0.0;1.0;155000
820;7;1358;484;1358;2;2009;2010;1.0;0.0;1.0;0.0;0.0;0.0;1.0;224000
821;7;1640;595;798;2;2003;2003;1.0;0.0;1.0;0.0;0.0;0.0;1.0;183000
822;4;936;576;936;1;1953;1953;1.0;0.0;0.0;1.0;0.0;0.0;1.0;93000
823;7;1733;433;847;2;2003;2003;1.0;0.0;1.0;0.0;0.0;0.0;1.0;225000
824;6;1489;240;778;2;1940;1950;1.0;0.0;1.0;0.0;0.0;0.0;1.0;139500
825;8;1489;776;1489;2;2006;2006;1.0;0.0;1.0;0.0;0.0;0.0;1.0;232600
826;10;2084;1220;2078;2;2007;2008;1.0;0.0;1.0;0.0;0.0;0.0;1.0;385000
827;5;784;0;784;1;1924;1950;1.0;0.0;1.0;0.0;0.0;0.0;1.0;109500
828;7;1434;527;1454;2;2001;2001;1.0;0.0;1.0;0.0;0.0;0.0;1.0;189000
829;5;2126;538;1013;2;1967;1967;1.0;0.0;0.0;0.0;1.0;0.0;1.0;185000
830;7;1223;480;600;2;2005;2005;1.0;0.0;1.0;0.0;0.0;0.0;1.0;147400
831;6;1392;458;1392;1;1957;1957;1.0;0.0;1.0;0.0;0.0;0.0;1.0;166000
832;7;1200;480;600;2;2005;2005;1.0;0.0;1.0;0.0;0.0;0.0;1.0;151000
833;7;1829;613;941;2;2003;2003;1.0;0.0;1.0;0.0;0.0;0.0;1.0;237000
834;6;1516;472;1516;1;1964;1964;1.0;0.0;1.0;0.0;0.0;0.0;1.0;167000
835;5;1144;456;1144;1;1961;1961;1.0;0.0;1.0;0.0;0.0;0.0;1.0;139950
836;4;1067;436;1067;2;1950;1995;1.0;0.0;1.0;0.0;0.0;0.0;1.0;128000
837;5;1559;812;1559;1;1948;1973;1.0;0.0;1.0;0.0;0.0;0.0;1.0;153500
838;6;987;264;483;1;1973;1973;1.0;0.0;1.0;0.0;0.0;0.0;1.0;100000
839;5;1099;352;1099;1;1995;2006;1.0;0.0;1.0;0.0;0.0;0.0;1.0;144000
840;5;1200;240;768;1;1946;1995;1.0;0.0;1.0;0.0;0.0;0.0;1.0;130500
841;6;1482;400;672;2;1925;1950;1.0;0.0;1.0;0.0;0.0;0.0;1.0;140000
842;5;1539;686;650;2;1904;2002;1.0;0.0;1.0;0.0;0.0;0.0;1.0;157500
843;6;1165;490;1127;1;1966;1966;1.0;0.0;1.0;0.0;0.0;0.0;1.0;174900
844;5;1800;0;1800;2;1961;1961;1.0;0.0;1.0;0.0;0.0;0.0;1.0;141000
845;5;1416;720;876;1;1915;1950;1.0;0.0;1.0;0.0;0.0;0.0;1.0;153900
846;5;1701;611;1390;2;1975;1981;1.0;0.0;1.0;0.0;0.0;0.0;1.0;171000
847;7;1775;425;740;2;1993;1993;1.0;0.0;1.0;0.0;0.0;0.0;1.0;213000
848;5;864;338;864;1;1972;1972;1.0;0.0;1.0;0.0;0.0;0.0;1.0;133500
849;6;2358;360;907;3;1908;1997;1.0;0.0;1.0;0.0;0.0;0.0;1.0;240000
850;6;1855;512;528;2;1976;1994;1.0;0.0;1.0;0.0;0.0;0.0;1.0;187000
851;6;848;420;848;1;2003;2003;1.0;0.0;1.0;0.0;0.0;0.0;1.0;131500
852;8;1456;400;1273;2;2003;2003;1.0;0.0;1.0;0.0;0.0;0.0;1.0;215000
853;7;1646;240;918;2;1941;1950;1.0;0.0;1.0;0.0;0.0;0.0;1.0;164000
854;6;1445;645;1127;1;1964;1964;1.0;0.0;1.0;0.0;0.0;0.0;1.0;158000
855;5;1779;454;1763;1;1955;1974;1.0;0.0;1.0;0.0;0.0;0.0;1.0;170000
856;5;1040;260;1040;1;1962;2010;1.0;0.0;1.0;0.0;0.0;0.0;1.0;127000
857;6;1026;576;940;1;1978;1978;1.0;0.0;0.0;1.0;0.0;0.0;1.0;147000
858;6;1481;343;702;2;1994;1995;1.0;0.0;1.0;0.0;0.0;0.0;1.0;174000
859;7;1370;479;1090;2;1976;1976;1.0;0.0;1.0;0.0;0.0;0.0;1.0;152000
860;6;2654;619;1054;2;1968;1984;1.0;0.0;1.0;0.0;0.0;0.0;1.0;250000
861;7;1426;216;912;1;1918;1998;1.0;0.0;1.0;0.0;0.0;0.0;1.0;189950
862;5;1039;504;1039;1;1965;1965;1.0;0.0;1.0;0.0;0.0;0.0;1.0;131500
863;6;1097;480;1040;2;1984;1985;1.0;0.0;1.0;0.0;0.0;0.0;1.0;152000
864;5;1148;672;1148;1;1959;1959;1.0;0.0;1.0;0.0;0.0;0.0;1.0;132500
865;7;1372;529;1372;2;2007;2008;1.0;0.0;1.0;0.0;0.0;0.0;1.0;250580
866;5;1002;902;1002;1;1970;1970;1.0;0.0;1.0;0.0;0.0;0.0;1.0;148500
867;8;1646;870;1638;2;2006;2007;1.0;0.0;1.0;0.0;0.0;0.0;1.0;248900
868;4;1120;544;1040;1;1961;1961;1.0;0.0;1.0;0.0;0.0;0.0;1.0;129000
869;5;2320;672;0;2;1948;1950;1.0;0.0;1.0;0.0;0.0;0.0;1.0;169000
870;7;1949;574;1050;2;1993;1994;1.0;0.0;1.0;0.0;0.0;0.0;1.0;236000
871;5;894;308;894;1;1962;1962;1.0;0.0;1.0;0.0;0.0;0.0;1.0;109500
872;6;1682;523;804;2;1998;1998;1.0;0.0;1.0;0.0;0.0;0.0;1.0;200500
873;5;910;414;105;1;1953;1996;1.0;0.0;1.0;0.0;0.0;0.0;1.0;116000
874;5;1268;288;832;1;1949;1950;1.0;0.0;1.0;0.0;0.0;0.0;1.0;133000
875;5;1131;200;676;1;1941;1950;1.0;0.0;1.0;0.0;0.0;0.0;1.0;66500
876;8;2610;550;1184;2;2007;2007;1.0;0.0;1.0;0.0;0.0;0.0;1.0;303477
877;4;1040;648;1064;1;1963;1963;1.0;0.0;0.0;1.0;0.0;0.0;1.0;132250
878;9;2224;738;1462;2;2004;2005;1.0;0.0;1.0;0.0;0.0;0.0;1.0;350000
879;5;1155;576;1109;1;1961;1995;1.0;0.0;1.0;0.0;0.0;0.0;1.0;148000
880;5;864;336;864;1;1978;2005;1.0;0.0;1.0;0.0;0.0;0.0;1.0;136500
881;5;1090;450;1090;1;2005;2006;1.0;0.0;1.0;0.0;0.0;0.0;1.0;157000
882;7;1717;400;1156;2;1990;1991;1.0;0.0;1.0;0.0;0.0;0.0;1.0;187500
883;6;1593;389;808;2;1992;1993;1.0;0.0;1.0;0.0;0.0;0.0;1.0;178000
884;4;2230;440;795;1;1912;1950;1.0;0.0;1.0;0.0;0.0;0.0;1.0;118500
885;5;892;288;892;1;1967;1967;1.0;0.0;1.0;0.0;0.0;0.0;1.0;100000
886;9;1709;506;1698;2;1999;2000;1.0;0.0;1.0;0.0;0.0;0.0;1.0;328900
887;5;1712;588;1626;2;1959;2005;1.0;0.0;1.0;0.0;0.0;0.0;1.0;145000
888;5;1393;300;816;1;1955;1955;1.0;0.0;1.0;0.0;0.0;0.0;1.0;135500
889;8;2217;621;2217;2;1970;1970;1.0;0.0;0.0;1.0;0.0;0.0;1.0;268000
890;6;1505;505;1505;1;1953;1953;1.0;0.0;1.0;0.0;0.0;0.0;1.0;149500
891;5;924;576;672;1;1949;2006;1.0;0.0;1.0;0.0;0.0;0.0;1.0;122900
892;6;1683;440;918;2;1978;1978;1.0;0.0;1.0;0.0;0.0;0.0;1.0;172500
893;6;1068;264;1059;1;1963;2003;1.0;0.0;1.0;0.0;0.0;0.0;1.0;154500
894;5;1383;354;1383;1;1954;1954;1.0;0.0;1.0;0.0;0.0;0.0;1.0;165000
895;5;1535;400;0;2;1979;1979;1.0;0.0;1.0;0.0;0.0;0.0;1.0;118858
896;6;1796;483;780;1;1963;1963;1.0;0.0;1.0;0.0;0.0;0.0;1.0;140000
897;4;951;327;951;1;1936;1950;1.0;0.0;1.0;0.0;0.0;0.0;1.0;106500
898;5;2240;528;0;2;1979;1979;1.0;0.0;1.0;0.0;0.0;0.0;1.0;142953
899;9;2364;820;2330;2;2009;2010;1.0;0.0;1.0;0.0;0.0;0.0;1.0;611657
900;5;1236;288;912;1;1961;1994;1.0;0.0;1.0;0.0;0.0;0.0;1.0;135000
901;4;858;684;858;1;1971;1971;1.0;0.0;1.0;0.0;0.0;0.0;1.0;110000
902;5;1306;756;992;1;1957;2000;1.0;0.0;1.0;0.0;0.0;0.0;1.0;153000
903;7;1509;393;783;2;2003;2003;1.0;0.0;1.0;0.0;0.0;0.0;1.0;180000
904;7;1670;690;1670;2;2006;2006;1.0;0.0;1.0;0.0;0.0;0.0;1.0;240000
905;5;902;288;876;1;1967;1967;1.0;0.0;1.0;0.0;0.0;0.0;1.0;125500
906;5;1063;280;1056;1;1954;1954;1.0;0.0;1.0;0.0;0.0;0.0;1.0;128000
907;8;1636;865;1623;2;2006;2006;1.0;0.0;1.0;0.0;0.0;0.0;1.0;255000
908;7;2057;180;1017;1;1936;1987;1.0;0.0;1.0;0.0;0.0;0.0;1.0;250000
909;5;902;484;864;1;1983;1983;1.0;0.0;0.0;1.0;0.0;0.0;1.0;131000
910;6;1484;390;742;2;2005;2005;1.0;0.0;1.0;0.0;0.0;0.0;1.0;174000
911;5;2274;480;1105;2;1960;1960;1.0;0.0;1.0;0.0;0.0;0.0;1.0;154300
912;5;1268;252;1268;1;1977;1989;1.0;0.0;0.0;1.0;0.0;0.0;1.0;143500
913;5;1015;450;768;1;1925;1950;1.0;0.0;1.0;0.0;0.0;0.0;1.0;88000
914;5;2002;871;1001;2;1949;1950;1.0;0.0;1.0;0.0;0.0;0.0;1.0;145000
915;6;1224;528;612;2;2009;2009;1.0;0.0;1.0;0.0;0.0;0.0;1.0;173733
916;4;1092;286;546;1;1970;1970;1.0;0.0;1.0;0.0;0.0;0.0;1.0;75000
917;2;480;308;480;0;1949;1950;1.0;0.0;1.0;0.0;0.0;0.0;1.0;35311
918;4;1229;284;1134;1;1956;1956;1.0;0.0;1.0;0.0;0.0;0.0;1.0;135000
919;7;2127;833;1104;2;1991;1991;1.0;0.0;1.0;0.0;0.0;0.0;1.0;238000
920;6;1414;601;1184;1;1958;2002;1.0;0.0;1.0;0.0;0.0;0.0;1.0;176500
921;6;1721;471;928;2;1994;1994;1.0;0.0;1.0;0.0;0.0;0.0;1.0;201000
922;5;2200;0;1272;2;1900;2003;1.0;0.0;1.0;0.0;0.0;0.0;1.0;145900
923;6;1316;397;1316;2;2005;2006;1.0;0.0;1.0;0.0;0.0;0.0;1.0;169990
924;6;1617;533;1604;2;1993;1994;1.0;0.0;1.0;0.0;0.0;0.0;1.0;193000
925;6;1686;612;1686;2;1980;1980;1.0;0.0;1.0;0.0;0.0;0.0;1.0;207500
926;5;1126;540;1126;2;1977;1977;1.0;0.0;1.0;0.0;0.0;0.0;1.0;175000
927;8;2374;656;1181;2;2003;2004;1.0;0.0;1.0;0.0;0.0;0.0;1.0;285000
928;7;1978;486;832;2;1968;1968;1.0;0.0;1.0;0.0;0.0;0.0;1.0;176000
929;8;1788;522;1753;2;2001;2001;1.0;0.0;1.0;0.0;0.0;0.0;1.0;236500
930;7;2236;642;964;2;1997;1997;1.0;0.0;1.0;0.0;0.0;0.0;1.0;222000
931;8;1466;610;1466;2;2007;2007;1.0;0.0;1.0;0.0;0.0;0.0;1.0;201000
932;5;925;429;925;1;1965;1965;1.0;0.0;1.0;0.0;0.0;0.0;1.0;117500
933;9;1905;788;1905;2;2006;2006;1.0;0.0;1.0;0.0;0.0;0.0;1.0;320000
934;7;1500;570;1500;2;2004;2004;1.0;0.0;1.0;0.0;0.0;0.0;1.0;190000
935;7;2069;505;585;2;1960;2007;1.0;0.0;0.0;1.0;0.0;0.0;1.0;242000
936;4;747;528;600;1;1926;1953;1.0;0.0;1.0;0.0;0.0;0.0;1.0;79900
937;7;1200;555;1176;2;2003;2003;1.0;0.0;1.0;0.0;0.0;0.0;1.0;184900
938;7;1971;689;1113;2;2005;2005;1.0;0.0;1.0;0.0;0.0;0.0;1.0;253000
939;7;1962;868;1391;2;2006;2006;1.0;0.0;1.0;0.0;0.0;0.0;1.0;239799
940;7;2403;349;1032;2;1940;1950;1.0;0.0;1.0;0.0;0.0;0.0;1.0;244400
941;6;1728;574;1728;2;1976;1976;1.0;0.0;1.0;0.0;0.0;0.0;1.0;150900
942;7;2060;390;992;2;1999;1999;1.0;0.0;1.0;0.0;0.0;0.0;1.0;214000
943;4;1440;0;1440;2;1977;1977;1.0;0.0;1.0;0.0;0.0;0.0;1.0;150000
944;5;1632;576;1632;2;1967;1967;1.0;0.0;1.0;0.0;0.0;0.0;1.0;143000
945;6;1344;525;819;1;1958;1958;0.0;1.0;1.0;0.0;0.0;0.0;1.0;137500
946;5;1869;456;1088;1;1890;1996;1.0;0.0;1.0;0.0;0.0;0.0;1.0;124900
947;5;1144;796;1144;1;1959;1959;1.0;0.0;1.0;0.0;0.0;0.0;1.0;143000
948;8;1629;808;1616;2;2002;2003;1.0;0.0;1.0;0.0;0.0;0.0;1.0;270000
949;7;1776;474;936;2;2002;2002;1.0;0.0;1.0;0.0;0.0;0.0;1.0;192500
950;6;1381;676;1161;1;1972;2006;1.0;0.0;1.0;0.0;0.0;0.0;1.0;197500
951;5;864;720;864;1;1950;2002;1.0;0.0;1.0;0.0;0.0;0.0;1.0;129000
952;5;965;300;828;1;1965;1965;1.0;0.0;1.0;0.0;0.0;0.0;1.0;119900
953;5;768;396;768;1;1972;2003;1.0;0.0;1.0;0.0;0.0;0.0;1.0;133900
954;5;1968;530;784;2;1969;1969;1.0;0.0;0.0;1.0;0.0;0.0;1.0;172000
955;6;980;0;945;2;1975;1975;1.0;0.0;1.0;0.0;0.0;0.0;1.0;127500
956;6;1958;492;979;2;1946;1950;1.0;0.0;1.0;0.0;0.0;0.0;1.0;145000
957;6;1229;462;561;1;1980;1980;1.0;0.0;1.0;0.0;0.0;0.0;1.0;124000
958;5;1057;576;1057;1;1962;1962;1.0;0.0;1.0;0.0;0.0;0.0;1.0;132000
959;7;1337;531;1337;2;2003;2003;1.0;0.0;1.0;0.0;0.0;0.0;1.0;185000
960;7;1416;484;696;2;1999;1999;1.0;0.0;1.0;0.0;0.0;0.0;1.0;155000
961;5;858;0;858;1;1958;2008;1.0;0.0;1.0;0.0;0.0;0.0;1.0;116500
962;6;2872;619;1330;2;1977;1995;1.0;0.0;1.0;0.0;0.0;0.0;1.0;272000
963;6;1548;440;804;2;1976;1976;1.0;0.0;1.0;0.0;0.0;0.0;1.0;155000
964;9;1800;702;1800;2;2007;2007;1.0;0.0;1.0;0.0;0.0;0.0;1.0;239000
965;7;1894;510;817;2;2002;2003;1.0;0.0;1.0;0.0;0.0;0.0;1.0;214900
966;6;1484;393;783;2;2005;2007;1.0;0.0;1.0;0.0;0.0;0.0;1.0;178900
967;5;1308;256;728;1;1940;1950;1.0;0.0;1.0;0.0;0.0;0.0;1.0;160000
968;5;1098;260;1098;1;1955;1955;1.0;0.0;1.0;0.0;0.0;0.0;1.0;135000
969;3;968;0;600;1;1910;1950;1.0;0.0;1.0;0.0;0.0;0.0;1.0;37900
970;6;1095;264;588;1;1958;1958;1.0;0.0;1.0;0.0;0.0;0.0;1.0;140000
971;4;1192;0;720;1;1949;1950;1.0;0.0;1.0;0.0;0.0;0.0;1.0;135000
972;7;1626;474;764;2;2003;2004;1.0;0.0;1.0;0.0;0.0;0.0;1.0;173000
973;6;918;264;918;2;1979;1979;1.0;0.0;1.0;0.0;0.0;0.0;1.0;99500
974;7;1428;480;1428;2;2007;2008;1.0;0.0;1.0;0.0;0.0;0.0;1.0;182000
975;7;2019;532;728;1;1910;1993;1.0;0.0;1.0;0.0;0.0;0.0;1.0;167500
976;7;1382;490;673;2;2000;2000;1.0;0.0;1.0;0.0;0.0;0.0;1.0;165000
977;4;869;0;440;1;1923;1958;1.0;0.0;1.0;0.0;0.0;0.0;1.0;85500
978;7;1241;569;1241;1;2006;2007;1.0;0.0;1.0;0.0;0.0;0.0;1.0;199900
979;4;894;400;894;1;1954;1954;1.0;0.0;0.0;1.0;0.0;0.0;1.0;110000
980;5;1121;480;1121;1;1963;1963;1.0;0.0;1.0;0.0;0.0;0.0;1.0;139000
981;7;999;588;944;1;1961;2007;1.0;0.0;1.0;0.0;0.0;0.0;1.0;178400
982;8;2612;676;1225;2;1998;1999;1.0;0.0;1.0;0.0;0.0;0.0;1.0;336000
983;7;1266;388;1266;2;2007;2007;1.0;0.0;1.0;0.0;0.0;0.0;1.0;159895
984;8;2290;779;1128;2;2002;2002;1.0;0.0;1.0;0.0;0.0;0.0;1.0;255900
985;5;1734;539;0;2;1977;1977;1.0;0.0;1.0;0.0;0.0;0.0;1.0;126000
986;5;1164;240;1164;1;1950;1950;1.0;0.0;1.0;0.0;0.0;0.0;1.0;125000
987;6;1635;255;485;1;1910;2003;1.0;0.0;1.0;0.0;0.0;0.0;1.0;117000
988;9;1940;606;1930;2;2009;2010;1.0;0.0;1.0;0.0;0.0;0.0;1.0;395192
989;6;2030;551;848;2;1976;1976;1.0;0.0;1.0;0.0;0.0;0.0;1.0;195000
990;7;1576;614;770;2;2006;2006;1.0;0.0;1.0;0.0;0.0;0.0;1.0;197000
991;8;2392;870;1396;2;1997;1998;1.0;0.0;1.0;0.0;0.0;0.0;1.0;348000
992;8;1742;424;916;1;1882;1986;1.0;0.0;1.0;0.0;0.0;0.0;1.0;168000
993;6;1851;440;822;2;1964;1993;1.0;0.0;0.0;1.0;0.0;0.0;1.0;187000
994;6;1500;564;750;2;2005;2006;1.0;0.0;1.0;0.0;0.0;0.0;1.0;173900
995;10;1718;786;1700;2;2006;2007;1.0;0.0;1.0;0.0;0.0;0.0;1.0;337500
996;4;1230;305;747;1;1946;1950;1.0;0.0;0.0;1.0;0.0;0.0;1.0;121600
997;5;1050;368;1050;1;1961;1961;1.0;0.0;1.0;0.0;0.0;0.0;1.0;136500
998;6;1442;615;1442;2;1970;1970;1.0;0.0;1.0;0.0;0.0;0.0;1.0;185000
999;3;1077;210;1007;1;1922;1950;1.0;0.0;1.0;0.0;0.0;0.0;1.0;91000
1000;7;1208;632;1187;2;2006;2006;1.0;0.0;1.0;0.0;0.0;0.0;1.0;206000
1001;3;944;528;0;1;1952;1952;1.0;0.0;1.0;0.0;0.0;0.0;1.0;82000
1002;5;691;216;691;1;1920;1950;1.0;0.0;1.0;0.0;0.0;0.0;1.0;86000
1003;8;1574;824;1574;2;2006;2006;1.0;0.0;1.0;0.0;0.0;0.0;1.0;232000
1004;5;1680;528;1680;2;1976;1976;1.0;0.0;1.0;0.0;0.0;0.0;1.0;136905
1005;7;1504;457;1346;2;2005;2006;1.0;0.0;1.0;0.0;0.0;0.0;1.0;181000
1006;5;985;328;985;2;1977;1977;1.0;0.0;1.0;0.0;0.0;0.0;1.0;149900
1007;6;1657;484;1657;2;1970;1970;1.0;0.0;1.0;0.0;0.0;0.0;1.0;163500
1008;4;1092;286;546;1;1970;1970;1.0;0.0;1.0;0.0;0.0;0.0;1.0;88000
1009;7;1710;550;1710;2;2004;2005;1.0;0.0;1.0;0.0;0.0;0.0;1.0;240000
1010;5;1522;0;1008;2;1926;1950;1.0;0.0;1.0;0.0;0.0;0.0;1.0;102000
1011;5;1271;312;720;2;1948;1950;1.0;0.0;1.0;0.0;0.0;0.0;1.0;135000
1012;5;1664;0;0;2;1965;1965;1.0;0.0;1.0;0.0;0.0;0.0;1.0;100000
1013;6;1502;180;602;1;1923;1996;1.0;0.0;1.0;0.0;0.0;0.0;1.0;165000
1014;5;1022;280;1022;1;1910;2006;1.0;0.0;1.0;0.0;0.0;0.0;1.0;85000
1015;6;1082;240;1082;1;1948;1950;1.0;0.0;1.0;0.0;0.0;0.0;1.0;119200
1016;8;1665;528;810;2;2001;2001;1.0;0.0;1.0;0.0;0.0;0.0;1.0;227000
1017;7;1504;478;1504;2;1996;1996;1.0;0.0;1.0;0.0;0.0;0.0;1.0;203000
1018;8;1360;565;1220;1;1984;1984;1.0;0.0;1.0;0.0;0.0;0.0;1.0;187500
1019;7;1472;402;384;2;1991;1992;1.0;0.0;1.0;0.0;0.0;0.0;1.0;160000
1020;7;1506;440;1362;2;2005;2005;1.0;0.0;1.0;0.0;0.0;0.0;1.0;213490
1021;4;1132;451;1132;1;2005;2005;1.0;0.0;1.0;0.0;0.0;0.0;1.0;176000
1022;7;1220;632;1199;2;2006;2006;1.0;0.0;1.0;0.0;0.0;0.0;1.0;194000
1023;5;1248;160;912;1;1930;1950;1.0;0.0;1.0;0.0;0.0;0.0;1.0;87000
1024;7;1504;437;1346;2;2005;2006;1.0;0.0;1.0;0.0;0.0;0.0;1.0;191000
1025;8;2898;665;1565;2;1976;1976;1.0;0.0;1.0;0.0;0.0;0.0;1.0;287000
1026;5;882;461;882;1;1972;1972;1.0;0.0;1.0;0.0;0.0;0.0;1.0;112500
1027;5;1264;461;1268;1;1960;1960;1.0;0.0;1.0;0.0;0.0;0.0;1.0;167500
1028;8;1646;800;1638;2;2007;2008;1.0;0.0;1.0;0.0;0.0;0.0;1.0;293077
1029;5;1376;240;768;1;1941;1950;1.0;0.0;1.0;0.0;0.0;0.0;1.0;105000
1030;6;1218;264;672;1;1972;1972;1.0;0.0;1.0;0.0;0.0;0.0;1.0;118000
1031;5;1928;0;686;2;1916;1995;1.0;0.0;1.0;0.0;0.0;0.0;1.0;160000
1032;7;3082;672;824;2;1920;1970;1.0;0.0;1.0;0.0;0.0;0.0;1.0;197000
1033;8;2520;796;1338;2;1993;1993;1.0;0.0;1.0;0.0;0.0;0.0;1.0;310000
1034;7;1654;900;1654;2;2002;2002;1.0;0.0;1.0;0.0;0.0;0.0;1.0;230000
1035;5;954;240;920;1;1938;1950;1.0;0.0;1.0;0.0;0.0;0.0;1.0;119750
1036;4;845;290;0;1;1957;1957;1.0;0.0;1.0;0.0;0.0;0.0;1.0;84000
1037;9;1620;912;1620;2;2007;2008;1.0;0.0;1.0;0.0;0.0;0.0;1.0;315500
1038;8;2263;905;1055;2;2001;2002;1.0;0.0;1.0;0.0;0.0;0.0;1.0;287000
1039;4;1344;0;546;1;1970;2008;1.0;0.0;1.0;0.0;0.0;0.0;1.0;97000
1040;4;630;286;630;1;1970;1970;1.0;0.0;1.0;0.0;0.0;0.0;1.0;80000
1041;5;1803;484;1134;2;1957;2000;1.0;0.0;1.0;0.0;0.0;0.0;1.0;155000
1042;6;1632;484;800;1;1966;2000;1.0;0.0;1.0;0.0;0.0;0.0;1.0;173000
1043;6;1306;624;1306;2;2005;2005;1.0;0.0;1.0;0.0;0.0;0.0;1.0;196000
1044;7;2329;514;1475;2;1990;1990;1.0;0.0;1.0;0.0;0.0;0.0;1.0;262280
1045;8;2524;542;2524;2;1981;1981;1.0;0.0;1.0;0.0;0.0;0.0;1.0;278000
1046;3;1733;452;0;2;1955;1955;1.0;0.0;1.0;0.0;0.0;0.0;1.0;139600
1047;9;2868;716;1992;3;2005;2006;1.0;0.0;1.0;0.0;0.0;0.0;1.0;556581
1048;5;990;672;990;1;1994;1995;1.0;0.0;1.0;0.0;0.0;0.0;1.0;145000
1049;5;1771;336;0;1;1960;2006;1.0;0.0;1.0;0.0;0.0;0.0;1.0;115000
1050;4;930;308;0;1;1946;2006;1.0;0.0;1.0;0.0;0.0;0.0;1.0;84900
1051;7;1302;436;1302;2;2007;2007;1.0;0.0;1.0;0.0;0.0;0.0;1.0;176485
1052;7;1316;440;1316;2;2007;2007;1.0;0.0;1.0;0.0;0.0;0.0;1.0;200141
1053;6;1977;540;816;1;1964;1978;1.0;0.0;1.0;0.0;0.0;0.0;1.0;165000
1054;5;1526;364;1216;1;1957;2002;1.0;0.0;0.0;1.0;0.0;0.0;1.0;144500
1055;8;1989;586;1065;2;2002;2002;1.0;0.0;1.0;0.0;0.0;0.0;1.0;255000
1056;6;1523;478;1193;2;1976;1976;1.0;0.0;1.0;0.0;0.0;0.0;1.0;180000
1057;7;1364;484;1364;2;2005;2005;1.0;0.0;1.0;0.0;0.0;0.0;1.0;185850
1058;7;1850;467;973;2;1994;1994;1.0;0.0;1.0;0.0;0.0;0.0;1.0;248000
1059;9;2184;836;1104;2;2008;2008;1.0;0.0;1.0;0.0;0.0;0.0;1.0;335000
1060;6;1991;432;854;1;1932;1950;1.0;0.0;0.0;1.0;0.0;0.0;1.0;220000
1061;8;1338;582;1338;2;2001;2001;1.0;0.0;1.0;0.0;0.0;0.0;1.0;213500
1062;3;894;1248;894;1;1935;1950;1.0;0.0;1.0;0.0;0.0;1.0;0.0;81000
1063;5;2337;560;662;2;1900;1950;1.0;0.0;1.0;0.0;0.0;0.0;1.0;90000
1064;6;1103;440;1103;1;1925;1980;1.0;0.0;1.0;0.0;0.0;0.0;1.0;110500
1065;5;1154;480;1154;1;1966;1966;1.0;0.0;1.0;0.0;0.0;0.0;1.0;154000
1066;7;2260;533;1306;2;1996;1997;1.0;0.0;0.0;1.0;0.0;0.0;1.0;328000
1067;6;1571;380;799;2;1993;1994;1.0;0.0;1.0;0.0;0.0;0.0;1.0;178000
1068;6;1611;442;780;1;1964;1964;1.0;0.0;0.0;1.0;0.0;0.0;1.0;167900
1069;6;2521;576;942;2;1973;1973;1.0;0.0;1.0;0.0;0.0;0.0;1.0;151400
1070;5;893;576;845;1;1949;2003;1.0;0.0;1.0;0.0;0.0;0.0;1.0;135000
1071;5;1048;286;1048;1;1956;1956;1.0;0.0;1.0;0.0;0.0;0.0;1.0;135000
1072;6;1556;441;727;1;1968;1968;1.0;0.0;1.0;0.0;0.0;0.0;1.0;154000
1073;5;1456;280;810;1;1948;1950;1.0;0.0;1.0;0.0;0.0;0.0;1.0;91500
1074;6;1426;440;690;1;1977;1977;1.0;0.0;1.0;0.0;0.0;0.0;1.0;159500
1075;7;1240;826;1240;2;2006;2006;1.0;0.0;1.0;0.0;0.0;0.0;1.0;194000
1076;7;1740;240;800;1;1940;1984;1.0;0.0;1.0;0.0;0.0;0.0;1.0;219500
1077;5;1466;566;796;2;1936;1989;1.0;0.0;1.0;0.0;0.0;0.0;1.0;170000
1078;5;1096;299;1096;1;1969;1969;1.0;0.0;1.0;0.0;0.0;0.0;1.0;138800
1079;6;848;420;848;1;2004;2004;1.0;0.0;1.0;0.0;0.0;0.0;1.0;155900
1080;5;990;299;990;1;1994;1994;1.0;0.0;1.0;0.0;0.0;0.0;1.0;126000
1081;6;1258;528;1258;2;1971;2004;1.0;0.0;1.0;0.0;0.0;0.0;1.0;145000
1082;5;1040;308;1040;1;1963;1963;1.0;0.0;1.0;0.0;0.0;0.0;1.0;133000
1083;7;1459;527;1459;2;2002;2002;1.0;0.0;1.0;0.0;0.0;0.0;1.0;192000
1084;6;1251;461;1251;1;1964;1964;1.0;0.0;1.0;0.0;0.0;0.0;1.0;160000
1085;6;1498;409;691;2;1995;1996;1.0;0.0;1.0;0.0;0.0;0.0;1.0;187500
1086;6;996;564;936;1;1992;1992;1.0;0.0;1.0;0.0;0.0;0.0;1.0;147000
1087;4;1092;286;546;1;1973;1973;1.0;0.0;1.0;0.0;0.0;0.0;1.0;83500
1088;8;1953;1043;1082;2;2005;2006;1.0;0.0;1.0;0.0;0.0;0.0;1.0;252000
1089;7;1709;380;970;2;2004;2004;1.0;0.0;1.0;0.0;0.0;0.0;1.0;137500
1090;8;1247;550;1247;1;2005;2005;1.0;0.0;1.0;0.0;0.0;0.0;1.0;197000
1091;3;1040;400;0;2;1950;1950;1.0;0.0;1.0;0.0;0.0;0.0;1.0;92900
1092;7;1252;462;600;2;1999;2000;1.0;0.0;1.0;0.0;0.0;0.0;1.0;160000
1093;6;1694;576;1181;2;1925;1950;1.0;0.0;1.0;0.0;0.0;0.0;1.0;136500
1094;5;1200;884;864;1;1965;1998;1.0;0.0;1.0;0.0;0.0;0.0;1.0;146000
1095;5;936;308;936;1;1956;2000;1.0;0.0;1.0;0.0;0.0;0.0;1.0;129000
1096;6;1314;440;1314;2;2006;2006;1.0;0.0;1.0;0.0;0.0;0.0;1.0;176432
1097;6;1355;0;684;1;1914;2006;1.0;0.0;1.0;0.0;0.0;0.0;1.0;127000
1098;8;1088;461;1074;1;1986;1986;1.0;0.0;1.0;0.0;0.0;0.0;1.0;170000
1099;4;1324;240;672;1;1936;1950;1.0;0.0;1.0;0.0;0.0;0.0;1.0;128000
1100;7;1601;478;1271;2;1978;1978;1.0;0.0;1.0;0.0;0.0;0.0;1.0;157000
1101;2;438;246;290;1;1920;1950;1.0;0.0;1.0;0.0;0.0;0.0;1.0;60000
1102;5;950;280;950;1;1971;1971;1.0;0.0;1.0;0.0;0.0;0.0;1.0;119500
1103;5;1134;254;1010;1;1960;2002;1.0;0.0;1.0;0.0;0.0;0.0;1.0;135000
1104;6;1194;539;655;1;1959;1959;1.0;0.0;1.0;0.0;0.0;0.0;1.0;159500
1105;5;1302;440;630;2;1970;1970;1.0;0.0;1.0;0.0;0.0;0.0;1.0;106000
1106;8;2622;712;1463;2;1994;1995;1.0;0.0;1.0;0.0;0.0;0.0;1.0;325000
1107;7;1442;719;910;2;1990;1991;1.0;0.0;1.0;0.0;0.0;0.0;1.0;179900
1108;7;2021;422;868;2;2006;2006;1.0;0.0;1.0;0.0;0.0;0.0;1.0;274725
1109;6;1690;463;924;2;2000;2000;1.0;0.0;1.0;0.0;0.0;0.0;1.0;181000
1110;8;1836;862;1836;2;2004;2005;1.0;0.0;1.0;0.0;0.0;0.0;1.0;280000
1111;6;1658;431;773;2;1995;1996;1.0;0.0;1.0;0.0;0.0;0.0;1.0;188000
1112;7;1964;483;803;2;1976;1976;1.0;0.0;1.0;0.0;0.0;0.0;1.0;205000
1113;5;816;308;816;1;1957;1957;1.0;0.0;1.0;0.0;0.0;0.0;1.0;129900
1114;5;1008;240;1008;1;1953;2006;1.0;0.0;1.0;0.0;0.0;0.0;1.0;134500
1115;5;833;326;833;1;1954;2000;1.0;0.0;1.0;0.0;0.0;0.0;1.0;117000
1116;8;1734;928;1734;2;2007;2007;1.0;0.0;1.0;0.0;0.0;0.0;1.0;318000
1117;8;1419;527;408;2;2002;2002;1.0;0.0;1.0;0.0;0.0;0.0;1.0;184100
1118;5;894;450;894;1;1967;2003;1.0;0.0;1.0;0.0;0.0;0.0;1.0;130000
1119;5;1601;300;533;1;1958;1987;1.0;0.0;1.0;0.0;0.0;0.0;1.0;140000
1120;5;1040;286;1040;1;1959;1959;1.0;0.0;1.0;0.0;0.0;0.0;1.0;133700
1121;6;1012;308;1012;1;1920;1950;1.0;0.0;0.0;1.0;0.0;0.0;1.0;118400
1122;7;1552;782;1552;2;2005;2006;1.0;0.0;1.0;0.0;0.0;0.0;1.0;212900
1123;4;960;288;672;1;1956;1956;1.0;0.0;1.0;0.0;0.0;0.0;1.0;112000
1124;5;698;0;698;1;1947;2008;1.0;0.0;1.0;0.0;0.0;0.0;1.0;118000
1125;7;1482;392;384;2;1992;1992;1.0;0.0;1.0;0.0;0.0;0.0;1.0;163900
1126;4;1005;672;1005;1;1955;1955;1.0;0.0;1.0;0.0;0.0;0.0;1.0;115000
1127;7;1555;660;1373;2;2007;2007;1.0;0.0;1.0;0.0;0.0;0.0;1.0;174000
1128;7;1530;630;1530;2;2004;2004;1.0;0.0;1.0;0.0;0.0;0.0;1.0;259000
1129;7;1959;434;847;2;2004;2005;1.0;0.0;1.0;0.0;0.0;0.0;1.0;215000
1130;5;936;672;936;1;1980;1980;1.0;0.0;1.0;0.0;0.0;0.0;1.0;140000
1131;4;1981;576;1122;2;1928;1950;1.0;0.0;1.0;0.0;0.0;0.0;1.0;135000
1132;5;974;0;974;1;1991;1992;1.0;0.0;1.0;0.0;0.0;0.0;1.0;93500
1133;6;2210;205;1008;2;1880;1950;1.0;0.0;1.0;0.0;0.0;0.0;1.0;117500
1134;8;2020;466;1128;2;1995;1995;1.0;0.0;1.0;0.0;0.0;0.0;1.0;239500
1135;6;1600;460;916;2;1997;1997;1.0;0.0;1.0;0.0;0.0;0.0;1.0;169000
1136;6;986;180;960;1;1926;1950;1.0;0.0;1.0;0.0;0.0;0.0;1.0;102000
1137;6;1252;288;1032;1;1950;1950;1.0;0.0;1.0;0.0;0.0;0.0;1.0;119000
1138;5;1020;0;780;1;1875;1996;1.0;0.0;1.0;0.0;0.0;0.0;1.0;94000
1139;6;1567;714;1567;2;1977;1977;1.0;0.0;0.0;1.0;0.0;0.0;1.0;196000
1140;5;1167;495;915;1;1920;1950;1.0;0.0;1.0;0.0;0.0;0.0;1.0;144000
1141;5;952;840;952;1;1951;1951;1.0;0.0;1.0;0.0;0.0;0.0;1.0;139000
1142;5;1868;484;780;2;1976;1976;1.0;0.0;1.0;0.0;0.0;0.0;1.0;197500
1143;8;2828;1052;1466;3;2006;2007;1.0;0.0;1.0;0.0;0.0;0.0;1.0;424870
1144;5;1006;0;1006;1;1959;1959;1.0;0.0;1.0;0.0;0.0;0.0;1.0;80000
1145;4;924;280;672;1;1941;1950;1.0;0.0;1.0;0.0;0.0;0.0;1.0;80000
1146;5;1576;225;1042;1;1928;1950;1.0;0.0;1.0;0.0;0.0;0.0;1.0;149000
1147;6;1298;403;1298;2;1985;1985;1.0;0.0;1.0;0.0;0.0;0.0;1.0;180000
1148;7;1564;234;704;1;1941;1950;1.0;0.0;1.0;0.0;0.0;0.0;1.0;174500
1149;7;1111;288;572;1;1926;1950;1.0;0.0;1.0;0.0;0.0;0.0;1.0;116900
1150;7;1482;324;650;1;1920;1988;1.0;0.0;1.0;0.0;0.0;0.0;1.0;143000
1151;6;932;306;932;1;1950;1950;1.0;0.0;1.0;0.0;0.0;0.0;1.0;124000
1152;5;1466;528;1466;1;1959;1959;1.0;0.0;1.0;0.0;0.0;0.0;1.0;149900
1153;6;1811;470;1073;1;1956;2004;1.0;0.0;1.0;0.0;0.0;0.0;1.0;230000
1154;6;816;432;816;1;1930;2007;1.0;0.0;1.0;0.0;0.0;0.0;1.0;120500
1155;7;1820;492;864;1;1965;1988;1.0;0.0;1.0;0.0;0.0;0.0;1.0;201800
1156;5;1437;528;1437;2;1976;2004;1.0;0.0;1.0;0.0;0.0;0.0;1.0;218000
1157;5;1265;502;1219;2;1965;1999;1.0;0.0;1.0;0.0;0.0;0.0;1.0;179900
1158;7;1314;626;1314;2;2007;2008;1.0;0.0;1.0;0.0;0.0;0.0;1.0;230000
1159;8;1580;830;1580;2;2007;2008;1.0;0.0;1.0;0.0;0.0;0.0;1.0;235128
1160;6;1876;540;901;2;1974;1974;1.0;0.0;1.0;0.0;0.0;0.0;1.0;185000
1161;6;1456;440;855;2;1978;1978;1.0;0.0;1.0;0.0;0.0;0.0;1.0;146000
1162;6;1640;924;1296;1;1954;2006;1.0;0.0;1.0;0.0;0.0;0.0;1.0;224000
1163;5;894;450;894;1;1968;1968;1.0;0.0;1.0;0.0;0.0;0.0;1.0;129000
1164;4;1258;400;1198;0;1969;1969;1.0;0.0;1.0;0.0;0.0;0.0;1.0;108959
1165;5;1432;588;1360;1;1978;1978;1.0;0.0;1.0;0.0;0.0;0.0;1.0;194000
1166;7;1502;644;1502;2;2009;2009;1.0;0.0;1.0;0.0;0.0;0.0;1.0;233170
1167;8;1694;776;1694;2;2008;2008;1.0;0.0;1.0;0.0;0.0;0.0;1.0;245350
1168;6;1671;472;959;2;2000;2000;1.0;0.0;1.0;0.0;0.0;0.0;1.0;173000
1169;6;2108;540;1127;2;1935;1986;1.0;0.0;1.0;0.0;0.0;0.0;1.0;235000
1170;10;3627;807;1930;3;1995;1996;1.0;0.0;1.0;0.0;0.0;0.0;1.0;625000
1171;6;1118;358;1096;1;1977;1977;1.0;0.0;1.0;0.0;0.0;0.0;1.0;171000
1172;6;1261;433;1261;1;1958;1958;1.0;0.0;1.0;0.0;0.0;0.0;1.0;163000
1173;7;1250;625;625;2;2006;2007;1.0;0.0;1.0;0.0;0.0;0.0;1.0;171900
1174;5;3086;0;1598;3;1946;1994;1.0;0.0;1.0;0.0;0.0;0.0;1.0;200500
1175;6;2345;360;952;2;1932;1950;1.0;0.0;1.0;0.0;0.0;0.0;1.0;239000
1176;8;2872;541;1683;2;1992;2000;1.0;0.0;1.0;0.0;0.0;0.0;1.0;285000
1177;5;923;264;876;1;1984;1985;1.0;0.0;1.0;0.0;0.0;0.0;1.0;119500
1178;6;1224;210;818;1;1926;2004;1.0;0.0;1.0;0.0;0.0;0.0;1.0;115000
1179;5;1343;186;731;1;1921;1950;1.0;0.0;1.0;0.0;0.0;0.0;1.0;154900
1180;5;1124;0;0;1;1954;1954;1.0;0.0;1.0;0.0;0.0;0.0;1.0;93000
1181;7;2514;693;1216;2;1990;1991;1.0;0.0;1.0;0.0;0.0;0.0;1.0;250000
1182;8;1652;482;1600;2;2008;2008;1.0;0.0;0.0;1.0;0.0;0.0;1.0;392500
1183;10;4476;813;2396;3;1996;1996;1.0;0.0;1.0;0.0;0.0;0.0;1.0;745000
1184;5;1130;720;1120;1;1920;1950;1.0;0.0;1.0;0.0;0.0;0.0;1.0;120000
1185;5;1572;995;1572;1;1963;1963;1.0;0.0;0.0;1.0;0.0;1.0;0.0;186700
1186;5;1221;392;784;1;1924;1950;1.0;0.0;1.0;0.0;0.0;0.0;1.0;104900
1187;3;1699;420;978;2;1900;1970;1.0;0.0;0.0;1.0;0.0;0.0;1.0;95000
1188;8;1624;757;1624;2;1994;1995;1.0;0.0;1.0;0.0;0.0;0.0;1.0;262000
1189;7;1660;493;831;2;2002;2002;1.0;0.0;1.0;0.0;0.0;0.0;1.0;195000
1190;7;1804;442;994;2;1999;1999;1.0;0.0;1.0;0.0;0.0;0.0;1.0;189000
1191;4;1622;1356;1249;1;1961;1975;1.0;0.0;0.0;1.0;0.0;0.0;1.0;168000
1192;8;1441;492;776;2;1999;2000;1.0;0.0;1.0;0.0;0.0;0.0;1.0;174000
1193;5;1472;250;702;1;1925;1994;1.0;0.0;1.0;0.0;0.0;0.0;1.0;125000
1194;6;1224;402;1224;2;1999;1999;1.0;0.0;1.0;0.0;0.0;0.0;1.0;165000
1195;6;1352;299;663;1;1969;1969;1.0;0.0;1.0;0.0;0.0;0.0;1.0;158000
1196;6;1456;400;728;2;2005;2005;1.0;0.0;1.0;0.0;0.0;0.0;1.0;176000
1197;7;1863;660;879;2;2006;2006;1.0;0.0;1.0;0.0;0.0;0.0;1.0;219210
1198;7;1690;225;815;1;1916;1950;1.0;0.0;1.0;0.0;0.0;0.0;1.0;144000
1199;7;1212;573;1212;2;2001;2001;1.0;0.0;1.0;0.0;0.0;0.0;1.0;178000
1200;4;1382;459;1051;1;1963;1979;1.0;0.0;1.0;0.0;0.0;0.0;1.0;148000
1201;4;864;280;864;1;1970;1970;1.0;0.0;1.0;0.0;0.0;0.0;1.0;116050
1202;7;1779;546;866;2;1998;1998;1.0;0.0;1.0;0.0;0.0;0.0;1.0;197900
1203;5;1348;216;884;1;1925;1997;1.0;0.0;1.0;0.0;0.0;0.0;1.0;117000
1204;7;1630;451;1630;2;2000;2001;1.0;0.0;1.0;0.0;0.0;0.0;1.0;213000
1205;5;1074;495;1056;1;1975;1975;1.0;0.0;1.0;0.0;0.0;0.0;1.0;153500
1206;7;2196;701;2158;2;1990;1991;1.0;0.0;1.0;0.0;0.0;0.0;1.0;271900
1207;4;1056;384;1056;1;1966;1966;1.0;0.0;1.0;0.0;0.0;0.0;1.0;107000
1208;6;1700;544;1682;2;2003;2003;1.0;0.0;1.0;0.0;0.0;0.0;1.0;200000
1209;5;1283;506;931;1;1962;1980;1.0;0.0;1.0;0.0;0.0;0.0;1.0;140000
1210;8;1660;500;1660;2;2006;2006;1.0;0.0;1.0;0.0;0.0;0.0;1.0;290000
1211;6;1845;462;1055;2;1992;1992;1.0;0.0;1.0;0.0;0.0;0.0;1.0;189000
1212;8;1752;492;559;2;1988;2005;1.0;0.0;0.0;1.0;0.0;0.0;1.0;164000
1213;4;672;234;672;1;1941;1950;1.0;0.0;1.0;0.0;0.0;0.0;1.0;113000
1214;4;960;364;648;0;1965;2001;1.0;0.0;1.0;0.0;0.0;0.0;1.0;145000
1215;5;999;300;925;1;1962;1962;1.0;0.0;1.0;0.0;0.0;0.0;1.0;134500
1216;5;894;384;894;1;1966;1966;1.0;0.0;1.0;0.0;0.0;0.0;1.0;125000
1217;6;1902;539;0;2;1978;1978;1.0;0.0;1.0;0.0;0.0;0.0;1.0;112000
1218;8;1314;552;1300;2;2009;2009;1.0;0.0;1.0;0.0;0.0;0.0;1.0;229456
1219;4;912;0;0;1;1947;1950;1.0;0.0;1.0;0.0;0.0;0.0;1.0;80500
1220;6;1218;0;672;1;1971;1971;1.0;0.0;1.0;0.0;0.0;0.0;1.0;91500
1221;5;912;288;912;1;1964;1964;1.0;0.0;1.0;0.0;0.0;0.0;1.0;115000
1222;5;1211;322;952;1;1968;1968;1.0;0.0;1.0;0.0;0.0;0.0;1.0;134000
1223;6;1846;315;1040;2;1949;1950;1.0;0.0;1.0;0.0;0.0;0.0;1.0;143000
1224;5;2136;528;2136;2;1951;1951;1.0;0.0;1.0;0.0;0.0;0.0;1.0;137900
1225;7;1490;388;788;2;2004;2005;1.0;0.0;1.0;0.0;0.0;0.0;1.0;184000
1226;6;1138;264;588;1;1958;1958;1.0;0.0;1.0;0.0;0.0;0.0;1.0;145000
1227;6;1933;668;894;2;2007;2007;1.0;0.0;1.0;0.0;0.0;0.0;1.0;214000
1228;5;912;576;912;1;1965;2008;1.0;0.0;1.0;0.0;0.0;0.0;1.0;147000
1229;9;1702;1052;1702;1;2008;2008;1.0;0.0;1.0;0.0;0.0;0.0;1.0;367294
1230;5;1507;404;1075;2;1960;1960;1.0;0.0;1.0;0.0;0.0;0.0;1.0;127000
1231;5;2620;600;1361;2;1977;1977;1.0;0.0;1.0;0.0;0.0;0.0;1.0;190000
1232;5;1190;540;1106;1;1962;1962;1.0;0.0;1.0;0.0;0.0;0.0;1.0;132500
1233;4;1224;462;0;2;1962;1962;1.0;0.0;1.0;0.0;0.0;0.0;1.0;101800
1234;5;1188;531;1188;1;1959;1959;1.0;0.0;1.0;0.0;0.0;0.0;1.0;142000
1235;5;1964;0;940;1;1911;1950;1.0;0.0;1.0;0.0;0.0;0.0;1.0;130000
1236;5;1784;180;747;1;1914;1950;1.0;0.0;1.0;0.0;0.0;0.0;1.0;138887
1237;7;1626;474;764;2;2003;2003;1.0;0.0;1.0;0.0;0.0;0.0;1.0;175500
1238;7;1948;434;847;2;2004;2005;1.0;0.0;1.0;0.0;0.0;0.0;1.0;195000
1239;6;1141;484;1141;1;2005;2005;1.0;0.0;1.0;0.0;0.0;0.0;1.0;142500
1240;8;1484;472;1476;2;2006;2006;1.0;0.0;1.0;0.0;0.0;0.0;1.0;265900
1241;7;1768;543;884;2;2003;2003;1.0;0.0;1.0;0.0;0.0;0.0;1.0;224900
1242;7;1689;954;1689;2;2007;2007;1.0;0.0;1.0;0.0;0.0;0.0;1.0;248328
1243;7;1173;528;1053;2;1974;1974;1.0;0.0;1.0;0.0;0.0;0.0;1.0;170000
1244;10;2076;850;2076;2;2006;2006;1.0;0.0;1.0;0.0;0.0;0.0;1.0;465000
1245;8;1517;400;792;1;1929;1950;1.0;0.0;0.0;1.0;0.0;0.0;1.0;230000
1246;6;1868;477;585;3;1984;2003;1.0;0.0;1.0;0.0;0.0;0.0;1.0;178000
1247;7;1553;615;756;2;2005;2006;1.0;0.0;1.0;0.0;0.0;0.0;1.0;186500
1248;6;1034;888;1012;1;1976;1976;1.0;0.0;1.0;0.0;0.0;0.0;1.0;169900
1249;6;2058;396;735;1;1917;1950;1.0;0.0;1.0;0.0;0.0;0.0;1.0;129500
1250;5;988;276;876;1;1950;1950;1.0;0.0;1.0;0.0;0.0;0.0;1.0;119000
1251;7;2110;522;2110;2;1968;1968;1.0;0.0;1.0;0.0;0.0;0.0;1.0;244000
1252;7;1405;478;1405;2;2003;2003;1.0;0.0;1.0;0.0;0.0;0.0;1.0;171750
1253;5;874;288;864;1;1968;1968;1.0;0.0;1.0;0.0;0.0;0.0;1.0;130000
1254;7;2167;518;1192;2;1974;2003;1.0;0.0;1.0;0.0;0.0;0.0;1.0;294000
1255;7;1656;397;746;2;2003;2004;1.0;0.0;1.0;0.0;0.0;0.0;1.0;165400
1256;6;1367;560;884;1;1931;1950;1.0;0.0;1.0;0.0;0.0;0.0;1.0;127500
1257;8;1987;691;1986;2;1994;1994;1.0;0.0;1.0;0.0;0.0;0.0;1.0;301500
1258;5;864;0;864;1;1922;1950;1.0;0.0;1.0;0.0;0.0;0.0;1.0;99900
1259;7;1166;400;856;2;2005;2005;1.0;0.0;1.0;0.0;0.0;0.0;1.0;190000
1260;6;1054;460;1054;1;1969;1969;1.0;0.0;1.0;0.0;0.0;0.0;1.0;151000
1261;6;1675;502;841;2;1999;1999;1.0;0.0;1.0;0.0;0.0;0.0;1.0;181000
1262;5;1050;338;1050;1;1956;1956;1.0;0.0;1.0;0.0;0.0;0.0;1.0;128900
1263;4;1788;304;1104;1;1957;1989;1.0;0.0;1.0;0.0;0.0;0.0;1.0;161500
1264;6;1824;520;764;1;1919;1950;1.0;0.0;1.0;0.0;0.0;0.0;1.0;180500
1265;6;1337;511;1405;2;1998;1999;1.0;0.0;1.0;0.0;0.0;0.0;1.0;181000
1266;7;1452;506;691;2;1999;1999;1.0;0.0;1.0;0.0;0.0;0.0;1.0;183900
1267;7;1889;308;925;1;1910;1950;1.0;0.0;1.0;0.0;0.0;0.0;1.0;122000
1268;9;2018;746;2002;2;2008;2009;1.0;0.0;1.0;0.0;0.0;0.0;1.0;378500
1269;8;3447;1014;728;3;1935;1997;1.0;0.0;0.0;1.0;0.0;0.0;1.0;381000
1270;5;1524;315;874;1;1958;1958;1.0;0.0;1.0;0.0;0.0;0.0;1.0;144000
1271;7;1524;586;1332;0;1979;1979;1.0;0.0;0.0;0.0;1.0;0.0;1.0;260000
1272;6;1489;462;1489;2;1968;1968;1.0;0.0;1.0;0.0;0.0;0.0;1.0;185750
1273;5;935;288;935;1;1965;1965;1.0;0.0;1.0;0.0;0.0;0.0;1.0;137000
1274;6;1357;312;1019;1;1959;2006;1.0;0.0;1.0;0.0;0.0;0.0;1.0;177000
1275;5;1250;552;661;2;1910;2003;1.0;0.0;1.0;0.0;0.0;0.0;1.0;139000
1276;5;1920;400;928;2;1948;1950;1.0;0.0;1.0;0.0;0.0;0.0;1.0;137000
1277;6;1395;497;723;1;1972;1972;1.0;0.0;1.0;0.0;0.0;0.0;1.0;162000
1278;6;1724;480;1680;1;1967;1976;1.0;0.0;1.0;0.0;0.0;0.0;1.0;197900
1279;8;2031;577;1128;2;2002;2002;1.0;0.0;1.0;0.0;0.0;0.0;1.0;237000
1280;4;1128;528;698;1;1920;1950;1.0;0.0;1.0;0.0;0.0;0.0;1.0;68400
1281;7;1573;544;1573;2;2002;2002;1.0;0.0;1.0;0.0;0.0;0.0;1.0;227000
1282;7;1339;484;1309;2;1990;1990;1.0;0.0;1.0;0.0;0.0;0.0;1.0;180000
1283;5;1040;484;1040;2;1977;2008;1.0;0.0;1.0;0.0;0.0;0.0;1.0;150500
1284;6;1824;0;912;2;1971;1971;1.0;0.0;1.0;0.0;0.0;0.0;1.0;139000
1285;6;2447;336;804;2;1919;1990;1.0;0.0;1.0;0.0;0.0;0.0;1.0;169000
1286;6;1412;280;780;1;1939;1950;1.0;0.0;1.0;0.0;0.0;0.0;1.0;132500
1287;6;1328;528;1328;1;1963;1963;1.0;0.0;1.0;0.0;0.0;0.0;1.0;143000
1288;5;1582;390;1624;2;1964;1964;1.0;0.0;0.0;1.0;0.0;0.0;1.0;190000
1289;8;1659;499;1501;2;2000;2000;1.0;0.0;1.0;0.0;0.0;0.0;1.0;278000
1290;8;1970;753;1085;2;2006;2006;1.0;0.0;1.0;0.0;0.0;0.0;1.0;281000
1291;5;1152;484;1152;1;1964;1964;1.0;0.0;1.0;0.0;0.0;0.0;1.0;180500
1292;5;1302;264;630;2;1972;1972;1.0;0.0;1.0;0.0;0.0;0.0;1.0;119500
1293;5;2372;432;994;2;1892;1965;1.0;0.0;1.0;0.0;0.0;0.0;1.0;107500
1294;7;1664;528;832;2;1976;1976;1.0;0.0;1.0;0.0;0.0;0.0;1.0;162900
1295;5;864;572;864;1;1955;1990;1.0;0.0;1.0;0.0;0.0;0.0;1.0;115000
1296;5;1052;288;1052;1;1968;1968;1.0;0.0;1.0;0.0;0.0;0.0;1.0;138500
1297;5;1128;525;1120;2;1963;1963;1.0;0.0;1.0;0.0;0.0;0.0;1.0;155000
1298;6;1072;525;547;2;2005;2006;1.0;0.0;1.0;0.0;0.0;0.0;1.0;140000
1299;10;5642;1418;6110;2;2008;2008;1.0;0.0;1.0;0.0;0.0;0.0;1.0;160000
1300;5;1246;305;1246;1;1959;1994;1.0;0.0;1.0;0.0;0.0;0.0;1.0;154000
1301;7;1983;490;978;2;1999;1999;1.0;0.0;1.0;0.0;0.0;0.0;1.0;225000
1302;6;1494;213;771;1;1942;1950;1.0;0.0;1.0;0.0;0.0;0.0;1.0;177500
1303;8;2526;844;1165;2;1994;1994;1.0;0.0;1.0;0.0;0.0;0.0;1.0;290000
1304;7;1616;834;1616;2;2005;2005;1.0;0.0;1.0;0.0;0.0;0.0;1.0;232000
1305;7;1708;380;976;2;2004;2004;1.0;0.0;1.0;0.0;0.0;0.0;1.0;130000
1306;9;1652;840;1652;2;2006;2007;1.0;0.0;1.0;0.0;0.0;0.0;1.0;325000
1307;7;1368;474;1368;2;2005;2006;1.0;0.0;1.0;0.0;0.0;0.0;1.0;202500
1308;5;990;480;990;1;1994;1995;1.0;0.0;1.0;0.0;0.0;0.0;1.0;138000
1309;5;1122;528;924;1;1948;2005;1.0;0.0;1.0;0.0;0.0;0.0;1.0;147000
1310;6;1294;496;1278;2;1991;1991;1.0;0.0;1.0;0.0;0.0;0.0;1.0;179200
1311;7;1902;567;1902;2;1959;2002;1.0;0.0;1.0;0.0;0.0;0.0;1.0;335000
1312;7;1274;508;1274;2;2005;2007;1.0;0.0;1.0;0.0;0.0;0.0;1.0;203000
1313;8;2810;750;1453;2;1990;1990;1.0;0.0;1.0;0.0;0.0;0.0;1.0;302000
1314;9;2599;779;1393;2;1999;1999;1.0;0.0;1.0;0.0;0.0;0.0;1.0;333168
1315;4;948;280;948;1;1954;1954;1.0;0.0;1.0;0.0;0.0;0.0;1.0;119000
1316;6;2112;576;952;2;1969;1969;1.0;0.0;1.0;0.0;0.0;0.0;1.0;206900
1317;8;1630;860;1622;2;2008;2008;1.0;0.0;1.0;0.0;0.0;0.0;1.0;295493
1318;7;1352;466;1352;2;2006;2007;1.0;0.0;1.0;0.0;0.0;0.0;1.0;208900
1319;8;1787;748;1753;2;2001;2002;1.0;0.0;1.0;0.0;0.0;0.0;1.0;275000
1320;4;948;248;864;1;1954;1954;1.0;0.0;1.0;0.0;0.0;0.0;1.0;111000
1321;6;1478;442;1478;1;1957;1957;1.0;0.0;1.0;0.0;0.0;0.0;1.0;156500
1322;3;720;287;0;1;1949;1950;1.0;0.0;1.0;0.0;0.0;0.0;1.0;72500
1323;7;1923;564;750;2;1992;1992;1.0;0.0;1.0;0.0;0.0;0.0;1.0;190000
1324;4;708;0;420;1;1940;1950;1.0;0.0;1.0;0.0;0.0;0.0;1.0;82500
1325;8;1795;895;1795;2;2006;2007;1.0;0.0;1.0;0.0;0.0;0.0;1.0;147000
1326;4;796;0;796;1;1922;1950;1.0;0.0;1.0;0.0;0.0;0.0;1.0;55000
1327;3;774;0;544;1;1931;2006;1.0;0.0;0.0;1.0;0.0;0.0;1.0;79000
1328;5;816;264;816;1;1982;2008;1.0;0.0;1.0;0.0;0.0;0.0;1.0;130500
1329;6;2792;520;1510;2;1920;1950;1.0;0.0;1.0;0.0;0.0;0.0;1.0;256000
1330;7;1632;462;935;2;1998;1998;1.0;0.0;1.0;0.0;0.0;0.0;1.0;176500
1331;8;1588;825;1588;2;2006;2006;1.0;0.0;1.0;0.0;0.0;0.0;1.0;227000
1332;5;954;576;911;1;1976;1976;1.0;0.0;1.0;0.0;0.0;0.0;1.0;132500
1333;4;816;288;816;1;1938;1958;1.0;0.0;0.0;1.0;0.0;0.0;1.0;100000
1334;5;1360;297;803;1;1938;1995;1.0;0.0;1.0;0.0;0.0;0.0;1.0;125500
1335;5;1365;440;765;1;1970;1970;1.0;0.0;1.0;0.0;0.0;0.0;1.0;125000
1336;6;1334;630;1350;2;1977;1977;1.0;0.0;1.0;0.0;0.0;0.0;1.0;167900
1337;5;1656;506;1656;2;1973;1973;1.0;0.0;1.0;0.0;0.0;0.0;1.0;135000
1338;4;693;0;693;1;1941;1950;1.0;0.0;0.0;1.0;0.0;0.0;1.0;52500
1339;7;1861;492;916;2;2002;2002;1.0;0.0;1.0;0.0;0.0;0.0;1.0;200000
1340;5;864;288;864;1;1972;1972;1.0;0.0;1.0;0.0;0.0;0.0;1.0;128500
1341;4;872;480;858;1;1971;1971;1.0;0.0;1.0;0.0;0.0;0.0;1.0;123000
1342;6;1114;576;1114;1;2003;2004;1.0;0.0;1.0;0.0;0.0;0.0;1.0;155000
1343;8;2169;647;1284;2;2002;2002;1.0;0.0;1.0;0.0;0.0;0.0;1.0;228500
1344;6;1913;342;896;1;1928;1950;1.0;0.0;1.0;0.0;0.0;0.0;1.0;177000
1345;7;1456;440;728;2;2006;2006;1.0;0.0;1.0;0.0;0.0;0.0;1.0;155835
1346;4;960;308;960;1;1920;1950;1.0;0.0;1.0;0.0;0.0;0.0;1.0;108500
1347;7;2156;508;1568;2;1968;2003;1.0;0.0;1.0;0.0;0.0;0.0;1.0;262500
1348;8;1776;712;1732;2;2006;2007;1.0;0.0;1.0;0.0;0.0;0.0;1.0;283463
1349;7;1494;514;1482;2;1998;1998;1.0;0.0;1.0;0.0;0.0;0.0;1.0;215000
1350;8;2358;0;684;2;1872;1987;1.0;0.0;1.0;0.0;0.0;0.0;1.0;122000
1351;5;2634;968;1248;2;1969;1969;1.0;0.0;1.0;0.0;0.0;0.0;1.0;200000
1352;6;1716;490;858;1;1962;1962;1.0;0.0;1.0;0.0;0.0;0.0;1.0;171000
1353;6;1176;624;698;1;1937;2000;1.0;0.0;1.0;0.0;0.0;0.0;1.0;134900
1354;8;3238;666;2033;2;1995;1996;1.0;0.0;1.0;0.0;0.0;0.0;1.0;410000
1355;7;1865;839;992;2;2000;2000;1.0;0.0;1.0;0.0;0.0;0.0;1.0;235000
1356;7;1920;487;570;3;1968;1992;1.0;0.0;1.0;0.0;0.0;0.0;1.0;170000
1357;5;892;264;864;1;1966;1966;1.0;0.0;1.0;0.0;0.0;0.0;1.0;110000
1358;5;1078;500;1078;1;1971;2008;1.0;0.0;1.0;0.0;0.0;0.0;1.0;149900
1359;6;1573;440;756;2;2000;2000;1.0;0.0;1.0;0.0;0.0;0.0;1.0;177500
1360;9;1980;770;1980;2;2004;2005;1.0;0.0;1.0;0.0;0.0;0.0;1.0;315000
1361;5;2601;621;612;3;1921;1998;1.0;0.0;1.0;0.0;0.0;0.0;1.0;189000
1362;7;1530;430;1530;2;2005;2005;1.0;0.0;0.0;1.0;0.0;0.0;1.0;260000
1363;4;1738;368;715;2;1920;2007;1.0;0.0;1.0;0.0;0.0;0.0;1.0;104900
1364;6;1412;432;616;2;2006;2007;1.0;0.0;1.0;0.0;0.0;0.0;1.0;156932
1365;7;1200;480;600;2;2005;2005;1.0;0.0;1.0;0.0;0.0;0.0;1.0;144152
1366;7;1674;663;814;2;2000;2000;1.0;0.0;1.0;0.0;0.0;0.0;1.0;216000
1367;7;1790;588;873;2;1999;1999;1.0;0.0;1.0;0.0;0.0;0.0;1.0;193000
1368;5;1475;336;757;2;1977;1977;1.0;0.0;1.0;0.0;0.0;0.0;1.0;127000
1369;6;848;420;848;1;2003;2004;1.0;0.0;1.0;0.0;0.0;0.0;1.0;144000
1370;8;1668;502;1657;2;2003;2003;1.0;0.0;1.0;0.0;0.0;0.0;1.0;232000
1371;4;1374;338;840;1;1920;1950;1.0;0.0;1.0;0.0;0.0;0.0;1.0;105000
1372;6;1661;377;992;1;1955;1996;1.0;0.0;1.0;0.0;0.0;0.0;1.0;165500
1373;7;2097;583;1108;2;1998;1998;1.0;0.0;1.0;0.0;0.0;0.0;1.0;274300
1374;10;2633;804;2633;2;2001;2002;1.0;0.0;1.0;0.0;0.0;0.0;1.0;466500
1375;7;1958;936;1026;2;2005;2005;1.0;0.0;1.0;0.0;0.0;0.0;1.0;250000
1376;8;1571;722;1571;2;2007;2007;1.0;0.0;1.0;0.0;0.0;0.0;1.0;239000
1377;6;790;160;768;1;1930;1950;1.0;0.0;1.0;0.0;0.0;0.0;1.0;91000
1378;5;1604;660;984;2;1941;1960;1.0;0.0;1.0;0.0;0.0;0.0;1.0;117000
1379;6;987;264;483;1;1973;1973;1.0;0.0;1.0;0.0;0.0;0.0;1.0;83000
1380;5;1394;400;384;2;2006;2007;1.0;0.0;1.0;0.0;0.0;0.0;1.0;167500
1381;3;864;200;864;1;1914;1950;1.0;0.0;1.0;0.0;0.0;0.0;1.0;58500
1382;6;2117;550;1205;2;1970;1970;1.0;0.0;1.0;0.0;0.0;0.0;1.0;237500
1383;7;1762;576;596;1;1920;1950;1.0;0.0;1.0;0.0;0.0;0.0;1.0;157000
1384;5;1416;576;816;2;1918;2007;1.0;0.0;1.0;0.0;0.0;0.0;1.0;112000
1385;6;1258;280;560;1;1939;1950;1.0;0.0;1.0;0.0;0.0;0.0;1.0;105000
1386;4;1154;240;796;1;1922;2007;1.0;0.0;1.0;0.0;0.0;0.0;1.0;125500
1387;7;2784;564;1392;3;1978;1978;1.0;0.0;1.0;0.0;0.0;0.0;1.0;250000
1388;6;2526;216;714;2;1916;1950;1.0;0.0;1.0;0.0;0.0;0.0;1.0;136000
1389;9;1746;758;1746;2;2006;2007;1.0;0.0;1.0;0.0;0.0;0.0;1.0;377500
1390;6;1218;440;735;1;1941;1950;1.0;0.0;1.0;0.0;0.0;0.0;1.0;131000
1391;7;1525;541;1525;2;2000;2000;1.0;0.0;1.0;0.0;0.0;0.0;1.0;235000
1392;5;1584;792;1584;2;1967;1967;1.0;0.0;1.0;0.0;0.0;0.0;1.0;124000
1393;5;900;288;864;1;1967;1967;1.0;0.0;1.0;0.0;0.0;0.0;1.0;123000
1394;6;1912;672;482;2;1905;2000;1.0;0.0;1.0;0.0;0.0;0.0;1.0;163000
1395;7;1500;648;1356;2;2006;2006;1.0;0.0;1.0;0.0;0.0;0.0;1.0;246578
1396;8;2482;642;1094;2;2005;2006;1.0;0.0;1.0;0.0;0.0;0.0;1.0;281213
1397;5;1687;572;747;1;1948;1950;1.0;0.0;0.0;0.0;1.0;0.0;1.0;160000
1398;5;1513;180;939;1;1920;2004;1.0;0.0;1.0;0.0;0.0;0.0;1.0;137500
1399;5;1904;240;1208;1;1950;1982;1.0;0.0;1.0;0.0;0.0;0.0;1.0;138000
1400;6;1608;216;976;2;1925;1990;1.0;0.0;1.0;0.0;0.0;0.0;1.0;137450
1401;6;1158;208;862;1;1929;1950;1.0;0.0;1.0;0.0;0.0;0.0;1.0;120000
1402;6;1593;398;839;2;2004;2004;1.0;0.0;1.0;0.0;0.0;0.0;1.0;193000
1403;7;1294;662;1286;2;2006;2006;1.0;0.0;1.0;0.0;0.0;0.0;1.0;193879
1404;8;1464;754;1485;2;2007;2007;1.0;0.0;1.0;0.0;0.0;0.0;1.0;282922
1405;3;1214;936;672;1;1915;1950;1.0;0.0;1.0;0.0;0.0;0.0;1.0;105000
1406;8;1646;482;1594;2;2004;2005;1.0;0.0;0.0;1.0;0.0;0.0;1.0;275000
1407;5;768;396;768;1;1972;2007;1.0;0.0;1.0;0.0;0.0;0.0;1.0;133000
1408;5;833;0;833;1;1985;1985;1.0;0.0;1.0;0.0;0.0;0.0;1.0;112000
1409;4;1363;528;622;1;1910;1950;1.0;0.0;1.0;0.0;0.0;0.0;1.0;125500
1410;7;2093;542;791;2;1986;1991;1.0;0.0;1.0;0.0;0.0;0.0;1.0;215000
1411;7;1840;622;944;2;2001;2001;1.0;0.0;1.0;0.0;0.0;0.0;1.0;230000
1412;6;1668;271;856;1;1950;2005;1.0;0.0;1.0;0.0;0.0;0.0;1.0;140000
1413;4;1040;420;0;2;1949;1950;1.0;0.0;1.0;0.0;0.0;0.0;1.0;90000
1414;8;1844;620;1844;2;2005;2006;1.0;0.0;1.0;0.0;0.0;0.0;1.0;257000
1415;6;1848;370;833;1;1923;2000;1.0;0.0;1.0;0.0;0.0;0.0;1.0;207000
1416;7;1569;660;1386;2;2007;2007;1.0;0.0;1.0;0.0;0.0;0.0;1.0;175900
1417;4;2290;560;777;2;1885;1950;1.0;0.0;1.0;0.0;0.0;0.0;1.0;122500
1418;8;2450;1069;1284;2;1998;1998;1.0;0.0;1.0;0.0;0.0;0.0;1.0;340000
1419;5;1144;336;1144;1;1963;1963;1.0;0.0;1.0;0.0;0.0;0.0;1.0;124000
1420;6;1844;540;1844;2;1969;1969;1.0;0.0;1.0;0.0;0.0;0.0;1.0;223000
1421;6;1416;776;708;2;1968;1968;1.0;0.0;1.0;0.0;0.0;0.0;1.0;179900
1422;6;1069;440;1069;2;1977;1977;1.0;0.0;1.0;0.0;0.0;0.0;1.0;127500
1423;6;848;420;848;1;2003;2003;1.0;0.0;1.0;0.0;0.0;0.0;1.0;136500
1424;6;2201;432;697;2;1966;1966;1.0;0.0;1.0;0.0;0.0;0.0;1.0;274970
1425;5;1344;484;1024;1;1958;1983;1.0;0.0;1.0;0.0;0.0;0.0;1.0;144000
1426;6;1252;528;1252;1;1959;1959;1.0;0.0;1.0;0.0;0.0;0.0;1.0;142000
1427;7;2127;525;1223;2;1994;1994;1.0;0.0;1.0;0.0;0.0;0.0;1.0;271000
1428;5;1558;288;913;1;1945;1950;1.0;0.0;1.0;0.0;0.0;0.0;1.0;140000
1429;5;804;240;788;1;1940;1992;1.0;0.0;1.0;0.0;0.0;0.0;1.0;119000
1430;6;1440;467;1440;2;1981;1981;1.0;0.0;1.0;0.0;0.0;0.0;1.0;182900
1431;5;1838;372;732;2;2005;2005;1.0;0.0;1.0;0.0;0.0;0.0;1.0;192140
1432;6;958;440;958;2;1976;1976;1.0;0.0;1.0;0.0;0.0;0.0;1.0;143750
1433;4;968;216;656;2;1927;2007;1.0;0.0;1.0;0.0;0.0;0.0;1.0;64500
1434;6;1792;451;936;2;2000;2000;1.0;0.0;1.0;0.0;0.0;0.0;1.0;186500
1435;5;1126;484;1126;2;1977;1977;1.0;0.0;0.0;1.0;0.0;0.0;1.0;160000
1436;6;1537;462;1319;1;1962;2005;1.0;0.0;1.0;0.0;0.0;0.0;1.0;174000
1437;4;864;528;864;1;1971;1971;1.0;0.0;1.0;0.0;0.0;0.0;1.0;120500
1438;8;1932;774;1932;2;2008;2008;1.0;0.0;1.0;0.0;0.0;0.0;1.0;394617
1439;6;1236;923;912;1;1957;1996;1.0;0.0;1.0;0.0;0.0;0.0;1.0;149700
1440;7;1725;550;539;2;1979;1979;1.0;0.0;1.0;0.0;0.0;0.0;1.0;197000
1441;6;2555;672;588;2;1922;1994;1.0;0.0;0.0;1.0;0.0;0.0;1.0;191000
1442;6;848;420;848;1;2004;2004;1.0;0.0;1.0;0.0;0.0;0.0;1.0;149300
1443;10;2007;812;1017;2;2008;2008;1.0;0.0;1.0;0.0;0.0;0.0;1.0;310000
1444;6;952;192;952;1;1916;1950;1.0;0.0;1.0;0.0;0.0;0.0;1.0;121000
1445;7;1422;626;1422;2;2004;2004;1.0;0.0;1.0;0.0;0.0;0.0;1.0;179600
1446;6;913;240;814;1;1966;1966;1.0;0.0;1.0;0.0;0.0;0.0;1.0;129000
1447;5;1188;312;1188;1;1962;1962;1.0;0.0;1.0;0.0;0.0;0.0;1.0;157900
1448;8;2090;556;1220;2;1995;1996;1.0;0.0;1.0;0.0;0.0;0.0;1.0;240000
1449;4;1346;384;560;1;1910;2000;1.0;0.0;1.0;0.0;0.0;0.0;1.0;112000
1450;5;630;0;630;1;1970;1970;1.0;0.0;1.0;0.0;0.0;0.0;1.0;92000
1451;5;1792;0;896;2;1974;1974;1.0;0.0;1.0;0.0;0.0;0.0;1.0;136000
1452;8;1578;840;1573;2;2008;2009;1.0;0.0;1.0;0.0;0.0;0.0;1.0;287090
1453;5;1072;525;547;1;2005;2005;1.0;0.0;1.0;0.0;0.0;0.0;1.0;145000
1454;5;1140;0;1140;1;2006;2006;1.0;0.0;1.0;0.0;0.0;0.0;1.0;84500
1455;7;1221;400;1221;2;2004;2005;1.0;0.0;1.0;0.0;0.0;0.0;1.0;185000
1456;6;1647;460;953;2;1999;2000;1.0;0.0;1.0;0.0;0.0;0.0;1.0;175000
1457;6;2073;500;1542;2;1978;1988;1.0;0.0;1.0;0.0;0.0;0.0;1.0;210000
1458;7;2340;252;1152;2;1941;2006;1.0;0.0;1.0;0.0;0.0;0.0;1.0;266500
1459;5;1078;240;1078;1;1950;1996;1.0;0.0;1.0;0.0;0.0;0.0;1.0;142125
1460;5;1256;276;1256;1;1965;1965;1.0;0.0;1.0;0.0;0.0;0.0;1.0;147500
